PWM;Distancia;Onda;Voltaje
5;5;590;0.06
10;5;590;0.46
15;5;590;0.91
20;5;590;1.46
25;5;590;1.11
30;5;590;1.43
35;5;590;1.88
40;5;590;2.53
45;5;590;1.64
50;5;590;2.01
55;5;590;2.49
60;5;590;3.08
65;5;590;1.98
70;5;590;2.35
75;5;590;2.84
80;5;590;3.29
85;5;590;2.21
90;5;590;2.58
95;5;590;3.08
100;5;590;3.44
105;5;590;2.85
110;5;590;2.7
115;5;590;3.14
120;5;590;3.61
125;5;590;3.39
130;5;590;2.74
135;5;590;3.13
140;5;590;3.71
145;5;590;3.61
150;5;590;3.3
155;5;590;3.1
160;5;590;3.61
165;5;590;3.72
170;5;590;3.6
175;5;590;3.1
180;5;590;3.54
185;5;590;3.78
190;5;590;3.73
195;5;590;3.59
200;5;590;3.46
205;5;590;3.83
210;5;590;3.8
215;5;590;3.75
220;5;590;3.56
225;5;590;3.85
230;5;590;3.85
235;5;590;3.83
240;5;590;3.8
245;5;590;3.87
250;5;590;3.88
255;5;590;3.87
5;5;590;0.15
10;5;590;0.5
15;5;590;1.02
20;5;590;1.53
25;5;590;1.19
30;5;590;1.56
35;5;590;2.07
40;5;590;2.33
45;5;590;1.71
50;5;590;2.09
55;5;590;2.63
60;5;590;2.79
65;5;590;2.05
70;5;590;2.45
75;5;590;3.01
80;5;590;3.08
85;5;590;2.3
90;5;590;2.71
95;5;590;3.29
100;5;590;3.28
105;5;590;2.47
110;5;590;2.83
115;5;590;3.33
120;5;590;3.54
125;5;590;3.15
130;5;590;2.85
135;5;590;3.31
140;5;590;3.67
145;5;590;3.52
150;5;590;2.89
155;5;590;3.26
160;5;590;3.74
165;5;590;3.68
170;5;590;3.47
175;5;590;3.24
180;5;590;3.79
185;5;590;3.76
190;5;590;3.68
195;5;590;3.39
200;5;590;3.68
205;5;590;3.81
210;5;590;3.78
215;5;590;3.7
220;5;590;3.59
225;5;590;3.85
230;5;590;3.84
235;5;590;3.82
240;5;590;3.75
245;5;590;3.87
250;5;590;3.87
255;5;590;3.87
5;5;590;0.5
10;5;590;0.76
15;5;590;1
20;5;590;1.68
25;5;590;1.14
30;5;590;1.48
35;5;590;1.9
40;5;590;2.49
45;5;590;1.58
50;5;590;1.89
55;5;590;2.28
60;5;590;2.82
65;5;590;2.81
70;5;590;2.11
75;5;590;2.45
80;5;590;2.95
85;5;590;3.31
90;5;590;2.43
95;5;590;2.57
100;5;590;3
105;5;590;3.55
110;5;590;3.33
115;5;590;2.53
120;5;590;2.86
125;5;590;3.29
130;5;590;3.63
135;5;590;3.48
140;5;590;2.92
145;5;590;3.09
150;5;590;3.58
155;5;590;3.69
160;5;590;3.57
165;5;590;3.18
170;5;590;3.31
175;5;590;3.78
180;5;590;3.74
185;5;590;3.67
190;5;590;3.44
195;5;590;3.5
200;5;590;3.81
205;5;590;3.79
210;5;590;3.75
215;5;590;3.61
220;5;590;3.73
225;5;590;3.84
230;5;590;3.83
235;5;590;3.82
240;5;590;3.77
245;5;590;3.87
250;5;590;3.87
255;5;590;3.87
5;5;590;0.48
10;5;590;0.68
15;5;590;0.96
20;5;590;1.55
25;5;590;1.1
30;5;590;1.42
35;5;590;1.81
40;5;590;2.34
45;5;590;2.21
50;5;590;1.81
55;5;590;2.17
60;5;590;2.66
65;5;590;3.05
70;5;590;2.03
75;5;590;2.36
80;5;590;2.8
85;5;590;3.42
90;5;590;2.9
95;5;590;2.47
100;5;590;2.87
105;5;590;3.4
110;5;590;3.43
115;5;590;2.91
120;5;590;2.76
125;5;590;3.16
130;5;590;3.66
135;5;590;3.54
140;5;590;3.19
145;5;590;2.98
150;5;590;3.41
155;5;590;3.71
160;5;590;3.63
165;5;590;3.39
170;5;590;3.2
175;5;590;3.68
180;5;590;3.75
185;5;590;3.7
190;5;590;3.54
195;5;590;3.39
200;5;590;3.82
205;5;590;3.8
210;5;590;3.77
215;5;590;3.68
220;5;590;3.57
225;5;590;3.84
230;5;590;3.84
235;5;590;3.82
240;5;590;3.79
245;5;590;3.79
250;5;590;3.87
255;5;590;3.87
5;5;590;0.47
10;5;590;0.78
15;5;590;0.92
20;5;590;1.47
25;5;590;1.07
30;5;590;1.38
35;5;590;1.75
40;5;590;2.25
45;5;590;2.53
50;5;590;1.76
55;5;590;2.11
60;5;590;2.55
65;5;590;3.2
70;5;590;2.15
75;5;590;2.29
80;5;590;2.7
85;5;590;3.29
90;5;590;3.09
95;5;590;2.4
100;5;590;2.78
105;5;590;3.24
110;5;590;3.5
115;5;590;3.16
120;5;590;2.68
125;5;590;3.05
130;5;590;3.59
135;5;590;3.58
140;5;590;3.32
145;5;590;2.91
150;5;590;3.3
155;5;590;3.72
160;5;590;3.66
165;5;590;3.49
170;5;590;3.09
175;5;590;3.52
180;5;590;3.77
185;5;590;3.72
190;5;590;3.61
195;5;590;3.29
200;5;590;3.78
205;5;590;3.8
210;5;590;3.78
215;5;590;3.71
220;5;590;3.47
225;5;590;3.84
230;5;590;3.84
235;5;590;3.83
240;5;590;3.81
245;5;590;3.74
250;5;590;3.87
255;5;590;3.87
5;7.5;590;0.15
10;7.5;590;0.53
15;7.5;590;0.97
20;7.5;590;1.5
25;7.5;590;1.23
30;7.5;590;1.56
35;7.5;590;1.98
40;7.5;590;2.56
45;7.5;590;1.81
50;7.5;590;2.16
55;7.5;590;2.59
60;7.5;590;3.09
65;7.5;590;2.17
70;7.5;590;2.5
75;7.5;590;2.92
80;7.5;590;3.32
85;7.5;590;2.41
90;7.5;590;2.74
95;7.5;590;3.17
100;7.5;590;3.47
105;7.5;590;2.99
110;7.5;590;2.86
115;7.5;590;3.24
120;7.5;590;3.64
125;7.5;590;3.44
130;7.5;590;2.92
135;7.5;590;3.26
140;7.5;590;3.74
145;7.5;590;3.64
150;7.5;590;3.38
155;7.5;590;3.25
160;7.5;590;3.67
165;7.5;590;3.75
170;7.5;590;3.64
175;7.5;590;3.26
180;7.5;590;3.64
185;7.5;590;3.82
190;7.5;590;3.77
195;7.5;590;3.64
200;7.5;590;3.59
205;7.5;590;3.87
210;7.5;590;3.84
215;7.5;590;3.8
220;7.5;590;3.64
225;7.5;590;3.9
230;7.5;590;3.89
235;7.5;590;3.88
240;7.5;590;3.85
245;7.5;590;3.91
250;7.5;590;3.92
255;7.5;590;3.92
5;7.5;590;0.55
10;7.5;590;0.65
15;7.5;590;1.08
20;7.5;590;1.56
25;7.5;590;1.32
30;7.5;590;1.69
35;7.5;590;2.15
40;7.5;590;2.39
45;7.5;590;1.88
50;7.5;590;2.24
55;7.5;590;2.71
60;7.5;590;2.83
65;7.5;590;2.24
70;7.5;590;2.59
75;7.5;590;3.06
80;7.5;590;3.13
85;7.5;590;2.48
90;7.5;590;2.83
95;7.5;590;3.32
100;7.5;590;3.34
105;7.5;590;2.65
110;7.5;590;2.96
115;7.5;590;3.38
120;7.5;590;3.58
125;7.5;590;3.27
130;7.5;590;3
135;7.5;590;3.38
140;7.5;590;3.7
145;7.5;590;3.57
150;7.5;590;3.12
155;7.5;590;3.36
160;7.5;590;3.78
165;7.5;590;3.72
170;7.5;590;3.57
175;7.5;590;3.34
180;7.5;590;3.77
185;7.5;590;3.8
190;7.5;590;3.74
195;7.5;590;3.54
200;7.5;590;3.7
205;7.5;590;3.86
210;7.5;590;3.83
215;7.5;590;3.76
220;7.5;590;3.66
225;7.5;590;3.89
230;7.5;590;3.88
235;7.5;590;3.87
240;7.5;590;3.82
245;7.5;590;3.91
250;7.5;590;3.91
255;7.5;590;3.92
5;7.5;590;0.55
10;7.5;590;0.75
15;7.5;590;1.05
20;7.5;590;1.65
25;7.5;590;1.27
30;7.5;590;1.59
35;7.5;590;1.97
40;7.5;590;2.47
45;7.5;590;1.94
50;7.5;590;2.04
55;7.5;590;2.38
60;7.5;590;2.83
65;7.5;590;2.97
70;7.5;590;2.27
75;7.5;590;2.59
80;7.5;590;2.98
85;7.5;590;3.38
90;7.5;590;2.77
95;7.5;590;2.72
100;7.5;590;3.08
105;7.5;590;3.55
110;7.5;590;3.4
115;7.5;590;2.83
120;7.5;590;3
125;7.5;590;3.36
130;7.5;590;3.67
135;7.5;590;3.53
140;7.5;590;3.14
145;7.5;590;3.21
150;7.5;590;3.6
155;7.5;590;3.73
160;7.5;590;3.63
165;7.5;590;3.36
170;7.5;590;3.41
175;7.5;590;3.82
180;7.5;590;3.79
185;7.5;590;3.72
190;7.5;590;3.55
195;7.5;590;3.58
200;7.5;590;3.86
205;7.5;590;3.84
210;7.5;590;3.8
215;7.5;590;3.7
220;7.5;590;3.76
225;7.5;590;3.89
230;7.5;590;3.88
235;7.5;590;3.87
240;7.5;590;3.84
245;7.5;590;3.91
250;7.5;590;3.92
255;7.5;590;3.92
5;7.5;590;0.53
10;7.5;590;0.8
15;7.5;590;1.02
20;7.5;590;1.56
25;7.5;590;1.24
30;7.5;590;1.55
35;7.5;590;1.91
40;7.5;590;2.37
45;7.5;590;2.45
50;7.5;590;1.97
55;7.5;590;2.3
60;7.5;590;2.72
65;7.5;590;3.13
70;7.5;590;2.21
75;7.5;590;2.5
80;7.5;590;2.87
85;7.5;590;3.38
90;7.5;590;3.08
95;7.5;590;2.63
100;7.5;590;2.97
105;7.5;590;3.38
110;7.5;590;3.5
115;7.5;590;3.14
120;7.5;590;2.9
125;7.5;590;3.23
130;7.5;590;3.67
135;7.5;590;3.6
140;7.5;590;3.36
145;7.5;590;3.11
150;7.5;590;3.45
155;7.5;590;3.76
160;7.5;590;3.7
165;7.5;590;3.52
170;7.5;590;3.29
175;7.5;590;3.66
180;7.5;590;3.81
185;7.5;590;3.76
190;7.5;590;3.65
195;7.5;590;3.47
200;7.5;590;3.86
205;7.5;590;3.85
210;7.5;590;3.83
215;7.5;590;3.76
220;7.5;590;3.62
225;7.5;590;3.89
230;7.5;590;3.89
235;7.5;590;3.88
240;7.5;590;3.86
245;7.5;590;3.8
250;7.5;590;3.92
255;7.5;590;3.92
5;7.5;590;0.52
10;7.5;590;0.82
15;7.5;590;0.98
20;7.5;590;1.48
25;7.5;590;1.53
30;7.5;590;1.49
35;7.5;590;1.84
40;7.5;590;2.26
45;7.5;590;2.79
50;7.5;590;1.92
55;7.5;590;2.22
60;7.5;590;2.6
65;7.5;590;3.12
70;7.5;590;2.63
75;7.5;590;2.42
80;7.5;590;2.77
85;7.5;590;3.22
90;7.5;590;3.26
95;7.5;590;2.55
100;7.5;590;2.86
105;7.5;590;3.23
110;7.5;590;3.58
115;7.5;590;3.36
120;7.5;590;2.81
125;7.5;590;3.1
130;7.5;590;3.49
135;7.5;590;3.66
140;7.5;590;3.49
145;7.5;590;3.01
150;7.5;590;3.33
155;7.5;590;3.75
160;7.5;590;3.72
165;7.5;590;3.61
170;7.5;590;3.24
175;7.5;590;3.53
180;7.5;590;3.82
185;7.5;590;3.78
190;7.5;590;3.7
195;7.5;590;3.48
200;7.5;590;3.71
205;7.5;590;3.86
210;7.5;590;3.84
215;7.5;590;3.79
220;7.5;590;3.68
225;7.5;590;3.89
230;7.5;590;3.89
235;7.5;590;3.89
240;7.5;590;3.87
245;7.5;590;3.84
250;7.5;590;3.92
255;7.5;590;3.92
5;10;590;0.04
10;10;590;0.51
15;10;590;0.95
20;10;590;1.45
25;10;590;1.23
30;10;590;1.55
35;10;590;1.96
40;10;590;2.49
45;10;590;1.82
50;10;590;2.16
55;10;590;2.56
60;10;590;3.03
65;10;590;2.18
70;10;590;2.5
75;10;590;2.89
80;10;590;3.26
85;10;590;2.42
90;10;590;2.74
95;10;590;3.14
100;10;590;3.41
105;10;590;2.96
110;10;590;2.87
115;10;590;3.22
120;10;590;3.59
125;10;590;3.39
130;10;590;2.93
135;10;590;3.25
140;10;590;3.7
145;10;590;3.6
150;10;590;3.36
155;10;590;3.25
160;10;590;3.64
165;10;590;3.71
170;10;590;3.61
175;10;590;3.27
180;10;590;3.6
185;10;590;3.78
190;10;590;3.74
195;10;590;3.63
200;10;590;3.56
205;10;590;3.83
210;10;590;3.81
215;10;590;3.77
220;10;590;3.65
225;10;590;3.87
230;10;590;3.86
235;10;590;3.85
240;10;590;3.83
245;10;590;3.87
250;10;590;3.89
255;10;590;3.9
5;10;590;0.54
10;10;590;0.9
15;10;590;1.05
20;10;590;1.63
25;10;590;1.31
30;10;590;1.67
35;10;590;2.09
40;10;590;2.37
45;10;590;1.89
50;10;590;2.22
55;10;590;2.65
60;10;590;2.8
65;10;590;2.24
70;10;590;2.58
75;10;590;3.01
80;10;590;3.1
85;10;590;2.49
90;10;590;2.82
95;10;590;3.26
100;10;590;3.3
105;10;590;2.65
110;10;590;2.95
115;10;590;3.33
120;10;590;3.54
125;10;590;3.26
130;10;590;3
135;10;590;3.36
140;10;590;3.67
145;10;590;3.53
150;10;590;3.16
155;10;590;3.35
160;10;590;3.75
165;10;590;3.68
170;10;590;3.53
175;10;590;3.34
180;10;590;3.74
185;10;590;3.77
190;10;590;3.71
195;10;590;3.53
200;10;590;3.68
205;10;590;3.83
210;10;590;3.8
215;10;590;3.74
220;10;590;3.64
225;10;590;3.86
230;10;590;3.85
235;10;590;3.84
240;10;590;3.8
245;10;590;3.89
250;10;590;3.89
255;10;590;3.9
5;10;590;0.54
10;10;590;0.83
15;10;590;1.03
20;10;590;1.59
25;10;590;1.27
30;10;590;1.58
35;10;590;1.95
40;10;590;2.41
45;10;590;1.96
50;10;590;2.04
55;10;590;2.36
60;10;590;2.77
65;10;590;2.92
70;10;590;2.28
75;10;590;2.58
80;10;590;2.95
85;10;590;3.32
90;10;590;2.79
95;10;590;2.71
100;10;590;3.05
105;10;590;3.47
110;10;590;3.38
115;10;590;2.91
120;10;590;2.98
125;10;590;3.3
130;10;590;3.64
135;10;590;3.51
140;10;590;3.2
145;10;590;3.18
150;10;590;3.53
155;10;590;3.7
160;10;590;3.61
165;10;590;3.38
170;10;590;3.38
175;10;590;3.75
180;10;590;3.76
185;10;590;3.7
190;10;590;3.56
195;10;590;3.54
200;10;590;3.83
205;10;590;3.81
210;10;590;3.77
215;10;590;3.7
220;10;590;3.71
225;10;590;3.86
230;10;590;3.85
235;10;590;3.84
240;10;590;3.82
245;10;590;3.88
250;10;590;3.89
255;10;590;3.9
5;10;590;0.52
10;10;590;0.91
15;10;590;0.99
20;10;590;1.5
25;10;590;1.23
30;10;590;1.53
35;10;590;1.88
40;10;590;2.3
45;10;590;2.48
50;10;590;1.97
55;10;590;2.28
60;10;590;2.66
65;10;590;3.1
70;10;590;2.22
75;10;590;2.5
80;10;590;2.85
85;10;590;3.32
90;10;590;3.05
95;10;590;2.63
100;10;590;2.95
105;10;590;3.33
110;10;590;3.46
115;10;590;3.13
120;10;590;2.9
125;10;590;3.21
130;10;590;3.61
135;10;590;3.57
140;10;590;3.35
145;10;590;3.09
150;10;590;3.42
155;10;590;3.72
160;10;590;3.65
165;10;590;3.5
170;10;590;3.28
175;10;590;3.63
180;10;590;3.77
185;10;590;3.72
190;10;590;3.62
195;10;590;3.45
200;10;590;3.82
205;10;590;3.82
210;10;590;3.79
215;10;590;3.74
220;10;590;3.59
225;10;590;3.86
230;10;590;3.86
235;10;590;3.85
240;10;590;3.83
245;10;590;3.78
250;10;590;3.89
255;10;590;3.9
5;10;590;0.51
10;10;590;0.81
15;10;590;0.96
20;10;590;1.44
25;10;590;1.54
30;10;590;1.5
35;10;590;1.82
40;10;590;2.21
45;10;590;2.75
50;10;590;1.92
55;10;590;2.21
60;10;590;2.56
65;10;590;3.02
70;10;590;2.68
75;10;590;2.42
80;10;590;2.75
85;10;590;3.16
90;10;590;3.23
95;10;590;2.56
100;10;590;2.85
105;10;590;3.19
110;10;590;3.53
115;10;590;3.32
120;10;590;2.81
125;10;590;3.09
130;10;590;3.46
135;10;590;3.61
140;10;590;3.46
145;10;590;3.02
150;10;590;3.31
155;10;590;3.7
160;10;590;3.69
165;10;590;3.58
170;10;590;3.28
175;10;590;3.49
180;10;590;3.79
185;10;590;3.75
190;10;590;3.69
195;10;590;3.49
200;10;590;3.68
205;10;590;3.83
210;10;590;3.81
215;10;590;3.77
220;10;590;3.67
225;10;590;3.85
230;10;590;3.86
235;10;590;3.86
240;10;590;3.85
245;10;590;3.82
250;10;590;3.89
255;10;590;3.9
5;12.5;590;0.01
10;12.5;590;0.46
15;12.5;590;0.88
20;12.5;590;1.34
25;12.5;590;1.16
30;12.5;590;1.47
35;12.5;590;1.84
40;12.5;590;2.35
45;12.5;590;1.73
50;12.5;590;2.05
55;12.5;590;2.44
60;12.5;590;2.87
65;12.5;590;2.09
70;12.5;590;2.4
75;12.5;590;2.79
80;12.5;590;3.12
85;12.5;590;2.34
90;12.5;590;2.64
95;12.5;590;3.04
100;12.5;590;3.28
105;12.5;590;2.82
110;12.5;590;2.79
115;12.5;590;3.13
120;12.5;590;3.48
125;12.5;590;3.26
130;12.5;590;2.84
135;12.5;590;3.16
140;12.5;590;3.6
145;12.5;590;3.49
150;12.5;590;3.24
155;12.5;590;3.17
160;12.5;590;3.55
165;12.5;590;3.62
170;12.5;590;3.51
175;12.5;590;3.17
180;12.5;590;3.52
185;12.5;590;3.7
190;12.5;590;3.65
195;12.5;590;3.53
200;12.5;590;3.48
205;12.5;590;3.75
210;12.5;590;3.72
215;12.5;590;3.68
220;12.5;590;3.56
225;12.5;590;3.78
230;12.5;590;3.78
235;12.5;590;3.76
240;12.5;590;3.74
245;12.5;590;3.8
250;12.5;590;3.81
255;12.5;590;3.81
5;12.5;590;0.49
10;12.5;590;0.73
15;12.5;590;0.96
20;12.5;590;1.47
25;12.5;590;1.23
30;12.5;590;1.57
35;12.5;590;1.98
40;12.5;590;2.23
45;12.5;590;1.79
50;12.5;590;2.11
55;12.5;590;2.51
60;12.5;590;2.7
65;12.5;590;2.14
70;12.5;590;2.46
75;12.5;590;2.87
80;12.5;590;3.01
85;12.5;590;2.38
90;12.5;590;2.71
95;12.5;590;3.13
100;12.5;590;3.2
105;12.5;590;2.57
110;12.5;590;2.84
115;12.5;590;3.22
120;12.5;590;3.44
125;12.5;590;3.17
130;12.5;590;2.89
135;12.5;590;3.25
140;12.5;590;3.57
145;12.5;590;3.44
150;12.5;590;3.1
155;12.5;590;3.24
160;12.5;590;3.66
165;12.5;590;3.59
170;12.5;590;3.45
175;12.5;590;3.25
180;12.5;590;3.63
185;12.5;590;3.68
190;12.5;590;3.62
195;12.5;590;3.45
200;12.5;590;3.58
205;12.5;590;3.73
210;12.5;590;3.71
215;12.5;590;3.65
220;12.5;590;3.54
225;12.5;590;3.78
230;12.5;590;3.77
235;12.5;590;3.75
240;12.5;590;3.72
245;12.5;590;3.81
250;12.5;590;3.81
255;12.5;590;3.81
5;12.5;590;0.49
10;12.5;590;0.79
15;12.5;590;0.94
20;12.5;590;1.46
25;12.5;590;1.19
30;12.5;590;1.49
35;12.5;590;1.83
40;12.5;590;2.27
45;12.5;590;1.89
50;12.5;590;1.94
55;12.5;590;2.25
60;12.5;590;2.65
65;12.5;590;2.78
70;12.5;590;2.19
75;12.5;590;2.48
80;12.5;590;2.84
85;12.5;590;3.2
90;12.5;590;2.67
95;12.5;590;2.61
100;12.5;590;2.95
105;12.5;590;3.35
110;12.5;590;3.26
115;12.5;590;2.82
120;12.5;590;2.88
125;12.5;590;3.2
130;12.5;590;3.53
135;12.5;590;3.41
140;12.5;590;3.11
145;12.5;590;3.09
150;12.5;590;3.44
155;12.5;590;3.6
160;12.5;590;3.51
165;12.5;590;3.28
170;12.5;590;3.28
175;12.5;590;3.66
180;12.5;590;3.67
185;12.5;590;3.6
190;12.5;590;3.47
195;12.5;590;3.45
200;12.5;590;3.74
205;12.5;590;3.72
210;12.5;590;3.69
215;12.5;590;3.61
220;12.5;590;3.62
225;12.5;590;3.77
230;12.5;590;3.77
235;12.5;590;3.75
240;12.5;590;3.73
245;12.5;590;3.79
250;12.5;590;3.81
255;12.5;590;3.81
5;12.5;590;0.47
10;12.5;590;0.82
15;12.5;590;0.91
20;12.5;590;1.38
25;12.5;590;1.16
30;12.5;590;1.45
35;12.5;590;1.77
40;12.5;590;2.17
45;12.5;590;2.32
50;12.5;590;1.88
55;12.5;590;2.17
60;12.5;590;2.54
65;12.5;590;2.97
70;12.5;590;2.13
75;12.5;590;2.4
80;12.5;590;2.74
85;12.5;590;3.2
90;12.5;590;2.92
95;12.5;590;2.54
100;12.5;590;2.85
105;12.5;590;3.23
110;12.5;590;3.34
115;12.5;590;3.01
120;12.5;590;2.82
125;12.5;590;3.12
130;12.5;590;3.52
135;12.5;590;3.45
140;12.5;590;3.23
145;12.5;590;3.02
150;12.5;590;3.34
155;12.5;590;3.62
160;12.5;590;3.55
165;12.5;590;3.38
170;12.5;590;3.21
175;12.5;590;3.56
180;12.5;590;3.68
185;12.5;590;3.63
190;12.5;590;3.52
195;12.5;590;3.38
200;12.5;590;3.74
205;12.5;590;3.73
210;12.5;590;3.7
215;12.5;590;3.64
220;12.5;590;3.52
225;12.5;590;3.78
230;12.5;590;3.77
235;12.5;590;3.76
240;12.5;590;3.75
245;12.5;590;3.7
250;12.5;590;3.81
255;12.5;590;3.82
5;12.5;590;0.46
10;12.5;590;0.8
15;12.5;590;0.88
20;12.5;590;1.33
25;12.5;590;1.4
30;12.5;590;1.41
35;12.5;590;1.72
40;12.5;590;2.1
45;12.5;590;2.58
50;12.5;590;1.83
55;12.5;590;2.12
60;12.5;590;2.46
65;12.5;590;2.92
70;12.5;590;2.5
75;12.5;590;2.34
80;12.5;590;2.65
85;12.5;590;3.06
90;12.5;590;3.08
95;12.5;590;2.47
100;12.5;590;2.77
105;12.5;590;3.1
110;12.5;590;3.41
115;12.5;590;3.19
120;12.5;590;2.73
125;12.5;590;3.02
130;12.5;590;3.39
135;12.5;590;3.5
140;12.5;590;3.33
145;12.5;590;2.94
150;12.5;590;3.24
155;12.5;590;3.64
160;12.5;590;3.58
165;12.5;590;3.47
170;12.5;590;3.15
175;12.5;590;3.42
180;12.5;590;3.7
185;12.5;590;3.66
190;12.5;590;3.58
195;12.5;590;3.38
200;12.5;590;3.61
205;12.5;590;3.74
210;12.5;590;3.71
215;12.5;590;3.68
220;12.5;590;3.57
225;12.5;590;3.78
230;12.5;590;3.78
235;12.5;590;3.77
240;12.5;590;3.76
245;12.5;590;3.73
250;12.5;590;3.81
255;12.5;590;3.81
5;15;590;0.41
10;15;590;0.63
15;15;590;0.77
20;15;590;1.19
25;15;590;1.05
30;15;590;1.34
35;15;590;1.69
40;15;590;2.17
45;15;590;1.6
50;15;590;1.91
55;15;590;2.27
60;15;590;2.68
65;15;590;1.96
70;15;590;2.25
75;15;590;2.61
80;15;590;2.95
85;15;590;2.19
90;15;590;2.49
95;15;590;2.88
100;15;590;3.12
105;15;590;2.68
110;15;590;2.64
115;15;590;2.98
120;15;590;3.32
125;15;590;3.11
130;15;590;2.7
135;15;590;3.02
140;15;590;3.45
145;15;590;3.34
150;15;590;3.1
155;15;590;3.03
160;15;590;3.42
165;15;590;3.48
170;15;590;3.36
175;15;590;3.04
180;15;590;3.39
185;15;590;3.57
190;15;590;3.51
195;15;590;3.39
200;15;590;3.36
205;15;590;3.62
210;15;590;3.6
215;15;590;3.55
220;15;590;3.44
225;15;590;3.66
230;15;590;3.66
235;15;590;3.64
240;15;590;3.62
245;15;590;3.67
250;15;590;3.69
255;15;590;3.7
5;15;590;0.43
10;15;590;0.65
15;15;590;0.85
20;15;590;1.3
25;15;590;1.11
30;15;590;1.42
35;15;590;1.8
40;15;590;2.02
45;15;590;1.65
50;15;590;1.96
55;15;590;2.35
60;15;590;2.47
65;15;590;2
70;15;590;2.32
75;15;590;2.72
80;15;590;2.79
85;15;590;2.25
90;15;590;2.57
95;15;590;2.99
100;15;590;3.02
105;15;590;2.42
110;15;590;2.71
115;15;590;3.07
120;15;590;3.27
125;15;590;3
130;15;590;2.77
135;15;590;3.12
140;15;590;3.42
145;15;590;3.28
150;15;590;2.95
155;15;590;3.11
160;15;590;3.52
165;15;590;3.45
170;15;590;3.3
175;15;590;3.11
180;15;590;3.5
185;15;590;3.54
190;15;590;3.48
195;15;590;3.32
200;15;590;3.46
205;15;590;3.61
210;15;590;3.58
215;15;590;3.52
220;15;590;3.42
225;15;590;3.66
230;15;590;3.65
235;15;590;3.63
240;15;590;3.6
245;15;590;3.69
250;15;590;3.69
255;15;590;3.7
5;15;590;0.42
10;15;590;0.75
15;15;590;0.83
20;15;590;1.3
25;15;590;1.07
30;15;590;1.35
35;15;590;1.68
40;15;590;2.09
45;15;590;1.71
50;15;590;1.79
55;15;590;2.1
60;15;590;2.47
65;15;590;2.6
70;15;590;2.05
75;15;590;2.33
80;15;590;2.67
85;15;590;3.02
90;15;590;2.5
95;15;590;2.48
100;15;590;2.81
105;15;590;3.21
110;15;590;3.08
115;15;590;2.62
120;15;590;2.76
125;15;590;3.08
130;15;590;3.37
135;15;590;3.23
140;15;590;2.89
145;15;590;2.98
150;15;590;3.34
155;15;590;3.45
160;15;590;3.35
165;15;590;3.11
170;15;590;3.18
175;15;590;3.56
180;15;590;3.52
185;15;590;3.46
190;15;590;3.31
195;15;590;3.34
200;15;590;3.61
205;15;590;3.59
210;15;590;3.55
215;15;590;3.47
220;15;590;3.52
225;15;590;3.65
230;15;590;3.65
235;15;590;3.63
240;15;590;3.61
245;15;590;3.69
250;15;590;3.69
255;15;590;3.7
5;15;590;0.42
10;15;590;0.71
15;15;590;0.8
20;15;590;1.24
25;15;590;1.05
30;15;590;1.32
35;15;590;1.63
40;15;590;2.02
45;15;590;2.04
50;15;590;1.75
55;15;590;2.05
60;15;590;2.41
65;15;590;2.71
70;15;590;2.01
75;15;590;2.28
80;15;590;2.61
85;15;590;3.08
90;15;590;2.67
95;15;590;2.43
100;15;590;2.74
105;15;590;3.12
110;15;590;3.14
115;15;590;2.78
120;15;590;2.7
125;15;590;3.01
130;15;590;3.4
135;15;590;3.27
140;15;590;3.03
145;15;590;2.92
150;15;590;3.24
155;15;590;3.48
160;15;590;3.39
165;15;590;3.2
170;15;590;3.12
175;15;590;3.48
180;15;590;3.54
185;15;590;3.48
190;15;590;3.36
195;15;590;3.28
200;15;590;3.61
205;15;590;3.6
210;15;590;3.57
215;15;590;3.5
220;15;590;3.44
225;15;590;3.66
230;15;590;3.65
235;15;590;3.64
240;15;590;3.62
245;15;590;3.62
250;15;590;3.69
255;15;590;3.7
5;15;590;0.41
10;15;590;0.69
15;15;590;0.79
20;15;590;1.21
25;15;590;1.03
30;15;590;1.3
35;15;590;1.6
40;15;590;1.97
45;15;590;2.22
50;15;590;1.73
55;15;590;2
60;15;590;2.35
65;15;590;2.82
70;15;590;2.1
75;15;590;2.23
80;15;590;2.56
85;15;590;2.99
90;15;590;2.81
95;15;590;2.38
100;15;590;2.67
105;15;590;3.02
110;15;590;3.2
115;15;590;2.92
120;15;590;2.65
125;15;590;2.95
130;15;590;3.33
135;15;590;3.32
140;15;590;3.11
145;15;590;2.86
150;15;590;3.17
155;15;590;3.49
160;15;590;3.42
165;15;590;3.28
170;15;590;3.04
175;15;590;3.36
180;15;590;3.55
185;15;590;3.5
190;15;590;3.41
195;15;590;3.21
200;15;590;3.57
205;15;590;3.6
210;15;590;3.58
215;15;590;3.53
220;15;590;3.4
225;15;590;3.66
230;15;590;3.65
235;15;590;3.65
240;15;590;3.63
245;15;590;3.6
250;15;590;3.69
255;15;590;3.7
5;5;625;0.01
10;5;625;0.27
15;5;625;0.55
20;5;625;0.93
25;5;625;0.76
30;5;625;1.03
35;5;625;1.39
40;5;625;1.76
45;5;625;1.27
50;5;625;1.61
55;5;625;2.08
60;5;625;1.71
65;5;625;1.65
70;5;625;2.03
75;5;625;2.62
80;5;625;1.9
85;5;625;1.96
90;5;625;2.39
95;5;625;2.77
100;5;625;2.02
105;5;625;2.22
110;5;625;2.66
115;5;625;2.92
120;5;625;2.5
125;5;625;2.34
130;5;625;2.78
135;5;625;3.06
140;5;625;2.8
145;5;625;2.46
150;5;625;2.89
155;5;625;3.17
160;5;625;3.01
165;5;625;2.54
170;5;625;2.98
175;5;625;3.25
180;5;625;3.15
185;5;625;2.91
190;5;625;3.04
195;5;625;3.31
200;5;625;3.26
205;5;625;3.14
210;5;625;3.09
215;5;625;3.36
220;5;625;3.34
225;5;625;3.28
230;5;625;3.13
235;5;625;3.4
240;5;625;3.39
245;5;625;3.38
250;5;625;3.36
255;5;625;3.43
5;5;625;0.26
10;5;625;0.31
15;5;625;0.52
20;5;625;0.84
25;5;625;1.34
30;5;625;0.93
35;5;625;1.22
40;5;625;1.62
45;5;625;1.58
50;5;625;1.38
55;5;625;1.72
60;5;625;2.21
65;5;625;1.78
70;5;625;1.74
75;5;625;2.12
80;5;625;2.69
85;5;625;1.95
90;5;625;2.03
95;5;625;2.48
100;5;625;2.77
105;5;625;2.17
110;5;625;2.24
115;5;625;2.67
120;5;625;2.97
125;5;625;2.61
130;5;625;2.37
135;5;625;2.81
140;5;625;3.09
145;5;625;2.87
150;5;625;2.46
155;5;625;2.89
160;5;625;3.19
165;5;625;3.06
170;5;625;2.66
175;5;625;2.98
180;5;625;3.26
185;5;625;3.19
190;5;625;3
195;5;625;3.04
200;5;625;3.32
205;5;625;3.28
210;5;625;3.18
215;5;625;3.1
220;5;625;3.37
225;5;625;3.35
230;5;625;3.31
235;5;625;3.2
240;5;625;3.41
245;5;625;3.41
250;5;625;3.41
255;5;625;3.41
5;5;625;0.35
10;5;625;0.41
15;5;625;0.45
20;5;625;0.68
25;5;625;0.97
30;5;625;1.35
35;5;625;1.04
40;5;625;1.2
45;5;625;1.5
50;5;625;1.93
55;5;625;1.84
60;5;625;1.52
65;5;625;1.83
70;5;625;2.28
75;5;625;2.37
80;5;625;1.74
85;5;625;2.07
90;5;625;2.53
95;5;625;2.67
100;5;625;1.92
105;5;625;2.21
110;5;625;2.6
115;5;625;2.97
120;5;625;2.68
125;5;625;2.24
130;5;625;2.6
135;5;625;3.1
140;5;625;3.01
145;5;625;2.71
150;5;625;2.55
155;5;625;2.97
160;5;625;3.19
165;5;625;3.06
170;5;625;2.76
175;5;625;2.88
180;5;625;3.28
185;5;625;3.23
190;5;625;3.12
195;5;625;2.81
200;5;625;3.26
205;5;625;3.33
210;5;625;3.29
215;5;625;3.21
220;5;625;3.1
225;5;625;3.38
230;5;625;3.37
235;5;625;3.36
240;5;625;3.31
245;5;625;3.42
250;5;625;3.42
255;5;625;3.43
5;5;625;0.29
10;5;625;0.52
15;5;625;0.61
20;5;625;1.1
25;5;625;0.8
30;5;625;1.06
35;5;625;1.4
40;5;625;1.89
45;5;625;1.23
50;5;625;1.5
55;5;625;1.87
60;5;625;2.38
65;5;625;1.5
70;5;625;1.78
75;5;625;2.16
80;5;625;2.7
85;5;625;2.05
90;5;625;1.98
95;5;625;2.37
100;5;625;2.9
105;5;625;2.57
110;5;625;2.09
115;5;625;2.42
120;5;625;2.88
125;5;625;2.94
130;5;625;2.58
135;5;625;2.42
140;5;625;2.83
145;5;625;3.13
150;5;625;2.99
155;5;625;2.61
160;5;625;2.74
165;5;625;3.25
170;5;625;3.19
175;5;625;3.05
180;5;625;2.68
185;5;625;3.1
190;5;625;3.29
195;5;625;3.24
200;5;625;3.12
205;5;625;2.98
210;5;625;3.36
215;5;625;3.34
220;5;625;3.3
225;5;625;3.22
230;5;625;3.33
235;5;625;3.4
240;5;625;3.39
245;5;625;3.38
250;5;625;3.36
255;5;625;3.43
5;5;625;0.25
10;5;625;0.41
15;5;625;0.5
20;5;625;0.79
25;5;625;1.18
30;5;625;0.87
35;5;625;1.1
40;5;625;1.41
45;5;625;1.84
50;5;625;1.52
55;5;625;1.47
60;5;625;1.79
65;5;625;2.24
70;5;625;2.18
75;5;625;1.72
80;5;625;2.05
85;5;625;2.53
90;5;625;2.55
95;5;625;1.9
100;5;625;2.23
105;5;625;2.65
110;5;625;2.88
115;5;625;2.48
120;5;625;2.26
125;5;625;2.63
130;5;625;3.09
135;5;625;2.93
140;5;625;2.51
145;5;625;2.58
150;5;625;3.04
155;5;625;3.14
160;5;625;2.99
165;5;625;2.54
170;5;625;2.93
175;5;625;3.26
180;5;625;3.19
185;5;625;3.04
190;5;625;2.84
195;5;625;3.33
200;5;625;3.3
205;5;625;3.26
210;5;625;3.13
215;5;625;3.17
220;5;625;3.37
225;5;625;3.35
230;5;625;3.32
235;5;625;3.25
240;5;625;3.41
245;5;625;3.41
250;5;625;3.41
255;5;625;3.42
5;7.5;625;0.21
10;7.5;625;0.32
15;7.5;625;0.43
20;7.5;625;0.73
25;7.5;625;0.62
30;7.5;625;0.84
35;7.5;625;1.13
40;7.5;625;1.41
45;7.5;625;1.06
50;7.5;625;1.35
55;7.5;625;1.77
60;7.5;625;1.39
65;7.5;625;1.41
70;7.5;625;1.74
75;7.5;625;2.29
80;7.5;625;1.52
85;7.5;625;1.71
90;7.5;625;2.11
95;7.5;625;2.39
100;7.5;625;1.66
105;7.5;625;1.95
110;7.5;625;2.37
115;7.5;625;2.57
120;7.5;625;2.16
125;7.5;625;2.09
130;7.5;625;2.51
135;7.5;625;2.73
140;7.5;625;2.47
145;7.5;625;2.19
150;7.5;625;2.61
155;7.5;625;2.85
160;7.5;625;2.69
165;7.5;625;2.27
170;7.5;625;2.69
175;7.5;625;2.94
180;7.5;625;2.84
185;7.5;625;2.62
190;7.5;625;2.76
195;7.5;625;3.02
200;7.5;625;2.96
205;7.5;625;2.84
210;7.5;625;2.83
215;7.5;625;3.07
220;7.5;625;3.05
225;7.5;625;2.99
230;7.5;625;2.87
235;7.5;625;3.12
240;7.5;625;3.11
245;7.5;625;3.11
250;7.5;625;3.08
255;7.5;625;3.16
5;7.5;625;0.2
10;7.5;625;0.26
15;7.5;625;0.41
20;7.5;625;0.67
25;7.5;625;0.94
30;7.5;625;0.77
35;7.5;625;1.01
40;7.5;625;1.36
45;7.5;625;1.18
50;7.5;625;1.17
55;7.5;625;1.47
60;7.5;625;1.92
65;7.5;625;1.38
70;7.5;625;1.5
75;7.5;625;1.85
80;7.5;625;2.29
85;7.5;625;1.51
90;7.5;625;1.78
95;7.5;625;2.21
100;7.5;625;2.39
105;7.5;625;1.75
110;7.5;625;2
115;7.5;625;2.43
120;7.5;625;2.6
125;7.5;625;2.21
130;7.5;625;2.13
135;7.5;625;2.56
140;7.5;625;2.76
145;7.5;625;2.51
150;7.5;625;2.23
155;7.5;625;2.65
160;7.5;625;2.87
165;7.5;625;2.72
170;7.5;625;2.33
175;7.5;625;2.73
180;7.5;625;2.96
185;7.5;625;2.88
190;7.5;625;2.68
195;7.5;625;2.79
200;7.5;625;3.03
205;7.5;625;2.99
210;7.5;625;2.88
215;7.5;625;2.84
220;7.5;625;3.09
225;7.5;625;3.07
230;7.5;625;3.03
235;7.5;625;2.91
240;7.5;625;3.13
245;7.5;625;3.13
250;7.5;625;3.13
255;7.5;625;3.13
5;7.5;625;0.26
10;7.5;625;0.29
15;7.5;625;0.36
20;7.5;625;0.54
25;7.5;625;0.77
30;7.5;625;1.1
35;7.5;625;0.8
40;7.5;625;1
45;7.5;625;1.26
50;7.5;625;1.64
55;7.5;625;1.46
60;7.5;625;1.3
65;7.5;625;1.58
70;7.5;625;1.98
75;7.5;625;1.97
80;7.5;625;1.52
85;7.5;625;1.81
90;7.5;625;2.23
95;7.5;625;2.31
100;7.5;625;1.68
105;7.5;625;1.95
110;7.5;625;2.32
115;7.5;625;2.62
120;7.5;625;2.33
125;7.5;625;1.98
130;7.5;625;2.32
135;7.5;625;2.82
140;7.5;625;2.68
145;7.5;625;2.38
150;7.5;625;2.29
155;7.5;625;2.71
160;7.5;625;2.87
165;7.5;625;2.74
170;7.5;625;2.44
175;7.5;625;2.62
180;7.5;625;2.99
185;7.5;625;2.93
190;7.5;625;2.82
195;7.5;625;2.55
200;7.5;625;3.01
205;7.5;625;3.04
210;7.5;625;2.99
215;7.5;625;2.9
220;7.5;625;2.88
225;7.5;625;3.1
230;7.5;625;3.09
235;7.5;625;3.07
240;7.5;625;3.03
245;7.5;625;3.15
250;7.5;625;3.15
255;7.5;625;3.15
5;7.5;625;0.22
10;7.5;625;0.28
15;7.5;625;0.48
20;7.5;625;0.77
25;7.5;625;0.65
30;7.5;625;0.86
35;7.5;625;1.15
40;7.5;625;1.48
45;7.5;625;1.03
50;7.5;625;1.27
55;7.5;625;1.59
60;7.5;625;1.96
65;7.5;625;1.29
70;7.5;625;1.54
75;7.5;625;1.89
80;7.5;625;2.29
85;7.5;625;1.61
90;7.5;625;1.74
95;7.5;625;2.1
100;7.5;625;2.52
105;7.5;625;2.17
110;7.5;625;1.85
115;7.5;625;2.17
120;7.5;625;2.63
125;7.5;625;2.58
130;7.5;625;2.21
135;7.5;625;2.17
140;7.5;625;2.55
145;7.5;625;2.82
150;7.5;625;2.65
155;7.5;625;2.28
160;7.5;625;2.49
165;7.5;625;2.94
170;7.5;625;2.86
175;7.5;625;2.71
180;7.5;625;2.44
185;7.5;625;2.88
190;7.5;625;2.99
195;7.5;625;2.93
200;7.5;625;2.8
205;7.5;625;2.76
210;7.5;625;3.07
215;7.5;625;3.04
220;7.5;625;3
225;7.5;625;2.89
230;7.5;625;3.12
235;7.5;625;3.11
240;7.5;625;3.11
245;7.5;625;3.1
250;7.5;625;3.07
255;7.5;625;3.16
5;7.5;625;0.2
10;7.5;625;0.3
15;7.5;625;0.4
20;7.5;625;0.64
25;7.5;625;0.98
30;7.5;625;0.72
35;7.5;625;0.93
40;7.5;625;1.2
45;7.5;625;1.61
50;7.5;625;1.05
55;7.5;625;1.27
60;7.5;625;1.56
65;7.5;625;2
70;7.5;625;1.64
75;7.5;625;1.51
80;7.5;625;1.82
85;7.5;625;2.28
90;7.5;625;2.1
95;7.5;625;1.69
100;7.5;625;2
105;7.5;625;2.42
110;7.5;625;2.48
115;7.5;625;2.01
120;7.5;625;2.04
125;7.5;625;2.42
130;7.5;625;2.74
135;7.5;625;2.53
140;7.5;625;2.05
145;7.5;625;2.39
150;7.5;625;2.88
155;7.5;625;2.8
160;7.5;625;2.6
165;7.5;625;2.35
170;7.5;625;2.76
175;7.5;625;2.94
180;7.5;625;2.86
185;7.5;625;2.67
190;7.5;625;2.66
195;7.5;625;3.04
200;7.5;625;3
205;7.5;625;2.93
210;7.5;625;2.77
215;7.5;625;3.03
220;7.5;625;3.08
225;7.5;625;3.06
230;7.5;625;3.02
235;7.5;625;2.9
240;7.5;625;3.13
245;7.5;625;3.13
250;7.5;625;3.13
255;7.5;625;3.14
5;10;625;0.23
10;10;625;0.31
15;10;625;0.47
20;10;625;0.79
25;10;625;0.69
30;10;625;0.92
35;10;625;1.23
40;10;625;1.49
45;10;625;1.17
50;10;625;1.46
55;10;625;1.86
60;10;625;1.51
65;10;625;1.54
70;10;625;1.87
75;10;625;2.36
80;10;625;1.68
85;10;625;1.85
90;10;625;2.22
95;10;625;2.48
100;10;625;1.81
105;10;625;2.1
110;10;625;2.48
115;10;625;2.65
120;10;625;2.29
125;10;625;2.22
130;10;625;2.61
135;10;625;2.82
140;10;625;2.58
145;10;625;2.34
150;10;625;2.72
155;10;625;2.94
160;10;625;2.8
165;10;625;2.44
170;10;625;2.81
175;10;625;3.04
180;10;625;2.94
185;10;625;2.74
190;10;625;2.88
195;10;625;3.11
200;10;625;3.05
205;10;625;2.95
210;10;625;2.94
215;10;625;3.17
220;10;625;3.14
225;10;625;3.1
230;10;625;2.98
235;10;625;3.21
240;10;625;3.21
245;10;625;3.2
250;10;625;3.19
255;10;625;3.25
5;10;625;0.22
10;10;625;0.33
15;10;625;0.45
20;10;625;0.72
25;10;625;1.14
30;10;625;0.85
35;10;625;1.09
40;10;625;1.42
45;10;625;1.4
50;10;625;1.28
55;10;625;1.56
60;10;625;1.97
65;10;625;1.6
70;10;625;1.62
75;10;625;1.95
80;10;625;2.4
85;10;625;1.76
90;10;625;1.91
95;10;625;2.29
100;10;625;2.51
105;10;625;2
110;10;625;2.12
115;10;625;2.5
120;10;625;2.71
125;10;625;2.39
130;10;625;2.25
135;10;625;2.64
140;10;625;2.85
145;10;625;2.65
150;10;625;2.35
155;10;625;2.73
160;10;625;2.97
165;10;625;2.84
170;10;625;2.52
175;10;625;2.82
180;10;625;3.05
185;10;625;2.98
190;10;625;2.81
195;10;625;2.89
200;10;625;3.12
205;10;625;3.08
210;10;625;2.99
215;10;625;2.95
220;10;625;3.18
225;10;625;3.16
230;10;625;3.13
235;10;625;3.04
240;10;625;3.22
245;10;625;3.22
250;10;625;3.23
255;10;625;3.23
5;10;625;0.28
10;10;625;0.36
15;10;625;0.4
20;10;625;0.61
25;10;625;0.85
30;10;625;1.16
35;10;625;0.97
40;10;625;1.09
45;10;625;1.35
50;10;625;1.7
55;10;625;1.63
60;10;625;1.42
65;10;625;1.68
70;10;625;2.05
75;10;625;2.11
80;10;625;1.64
85;10;625;1.93
90;10;625;2.31
95;10;625;2.41
100;10;625;1.81
105;10;625;2.08
110;10;625;2.42
115;10;625;2.71
120;10;625;2.44
125;10;625;2.13
130;10;625;2.44
135;10;625;2.88
140;10;625;2.77
145;10;625;2.51
150;10;625;2.42
155;10;625;2.8
160;10;625;2.96
165;10;625;2.84
170;10;625;2.59
175;10;625;2.74
180;10;625;3.07
185;10;625;3.02
190;10;625;2.92
195;10;625;2.68
200;10;625;3.09
205;10;625;3.12
210;10;625;3.09
215;10;625;3.01
220;10;625;2.98
225;10;625;3.19
230;10;625;3.18
235;10;625;3.16
240;10;625;3.13
245;10;625;3.24
250;10;625;3.24
255;10;625;3.25
5;10;625;0.25
10;10;625;0.35
15;10;625;0.52
20;10;625;0.9
25;10;625;0.72
30;10;625;0.94
35;10;625;1.23
40;10;625;1.63
45;10;625;1.13
50;10;625;1.36
55;10;625;1.67
60;10;625;2.1
65;10;625;1.4
70;10;625;1.65
75;10;625;1.96
80;10;625;2.41
85;10;625;1.88
90;10;625;1.85
95;10;625;2.18
100;10;625;2.64
105;10;625;2.35
110;10;625;1.97
115;10;625;2.26
120;10;625;2.66
125;10;625;2.7
130;10;625;2.4
135;10;625;2.28
140;10;625;2.63
145;10;625;2.91
150;10;625;2.77
155;10;625;2.47
160;10;625;2.59
165;10;625;3.03
170;10;625;2.96
175;10;625;2.83
180;10;625;2.57
185;10;625;2.95
190;10;625;3.08
195;10;625;3.03
200;10;625;2.92
205;10;625;2.86
210;10;625;3.16
215;10;625;3.14
220;10;625;3.1
225;10;625;3.03
230;10;625;3.2
235;10;625;3.21
240;10;625;3.2
245;10;625;3.2
250;10;625;3.18
255;10;625;3.25
5;10;625;0.22
10;10;625;0.35
15;10;625;0.44
20;10;625;0.69
25;10;625;1.02
30;10;625;0.8
35;10;625;1.01
40;10;625;1.28
45;10;625;1.65
50;10;625;1.22
55;10;625;1.38
60;10;625;1.65
65;10;625;2.04
70;10;625;1.86
75;10;625;1.63
80;10;625;1.92
85;10;625;2.34
90;10;625;2.24
95;10;625;1.81
100;10;625;2.11
105;10;625;2.48
110;10;625;2.6
115;10;625;2.23
120;10;625;2.16
125;10;625;2.49
130;10;625;2.84
135;10;625;2.67
140;10;625;2.29
145;10;625;2.47
150;10;625;2.89
155;10;625;2.9
160;10;625;2.74
165;10;625;2.45
170;10;625;2.82
175;10;625;3.04
180;10;625;2.96
185;10;625;2.82
190;10;625;2.74
195;10;625;3.12
200;10;625;3.09
205;10;625;3.04
210;10;625;2.92
215;10;625;3.06
220;10;625;3.17
225;10;625;3.15
230;10;625;3.12
235;10;625;3.06
240;10;625;3.23
245;10;625;3.23
250;10;625;3.23
255;10;625;3.24
5;12.5;625;0.19
10;12.5;625;0.24
15;12.5;625;0.39
20;12.5;625;0.65
25;12.5;625;0.59
30;12.5;625;0.79
35;12.5;625;1.05
40;12.5;625;1.27
45;12.5;625;1.03
50;12.5;625;1.28
55;12.5;625;1.64
60;12.5;625;1.29
65;12.5;625;1.37
70;12.5;625;1.67
75;12.5;625;2.09
80;12.5;625;1.44
85;12.5;625;1.66
90;12.5;625;2.01
95;12.5;625;2.2
100;12.5;625;1.64
105;12.5;625;1.91
110;12.5;625;2.26
115;12.5;625;2.39
120;12.5;625;2.04
125;12.5;625;2.05
130;12.5;625;2.41
135;12.5;625;2.56
140;12.5;625;2.32
145;12.5;625;2.16
150;12.5;625;2.53
155;12.5;625;2.7
160;12.5;625;2.55
165;12.5;625;2.25
170;12.5;625;2.62
175;12.5;625;2.8
180;12.5;625;2.7
185;12.5;625;2.51
190;12.5;625;2.69
195;12.5;625;2.88
200;12.5;625;2.83
205;12.5;625;2.72
210;12.5;625;2.76
215;12.5;625;2.95
220;12.5;625;2.92
225;12.5;625;2.88
230;12.5;625;2.81
235;12.5;625;3
240;12.5;625;3
245;12.5;625;2.99
250;12.5;625;2.97
255;12.5;625;3.04
5;12.5;625;0.19
10;12.5;625;0.29
15;12.5;625;0.39
20;12.5;625;0.62
25;12.5;625;0.73
30;12.5;625;0.74
35;12.5;625;0.96
40;12.5;625;1.27
45;12.5;625;0.96
50;12.5;625;1.15
55;12.5;625;1.41
60;12.5;625;1.82
65;12.5;625;1.24
70;12.5;625;1.48
75;12.5;625;1.79
80;12.5;625;2.06
85;12.5;625;1.49
90;12.5;625;1.76
95;12.5;625;2.15
100;12.5;625;2.17
105;12.5;625;1.71
110;12.5;625;1.97
115;12.5;625;2.35
120;12.5;625;2.4
125;12.5;625;2.04
130;12.5;625;2.12
135;12.5;625;2.51
140;12.5;625;2.57
145;12.5;625;2.34
150;12.5;625;2.22
155;12.5;625;2.61
160;12.5;625;2.7
165;12.5;625;2.55
170;12.5;625;2.31
175;12.5;625;2.7
180;12.5;625;2.81
185;12.5;625;2.72
190;12.5;625;2.52
195;12.5;625;2.78
200;12.5;625;2.89
205;12.5;625;2.84
210;12.5;625;2.74
215;12.5;625;2.83
220;12.5;625;2.96
225;12.5;625;2.94
230;12.5;625;2.9
235;12.5;625;2.89
240;12.5;625;3.01
245;12.5;625;3.01
250;12.5;625;3.01
255;12.5;625;3.02
5;12.5;625;0.24
10;12.5;625;0.29
15;12.5;625;0.34
20;12.5;625;0.52
25;12.5;625;0.74
30;12.5;625;1.04
35;12.5;625;0.79
40;12.5;625;0.98
45;12.5;625;1.22
50;12.5;625;1.57
55;12.5;625;1.1
60;12.5;625;1.3
65;12.5;625;1.56
70;12.5;625;1.94
75;12.5;625;1.65
80;12.5;625;1.52
85;12.5;625;1.8
90;12.5;625;2.21
95;12.5;625;2.02
100;12.5;625;1.71
105;12.5;625;1.96
110;12.5;625;2.33
115;12.5;625;2.38
120;12.5;625;2.06
125;12.5;625;2.01
130;12.5;625;2.33
135;12.5;625;2.61
140;12.5;625;2.46
145;12.5;625;2.14
150;12.5;625;2.31
155;12.5;625;2.7
160;12.5;625;2.69
165;12.5;625;2.55
170;12.5;625;2.29
175;12.5;625;2.63
180;12.5;625;2.83
185;12.5;625;2.76
190;12.5;625;2.64
195;12.5;625;2.57
200;12.5;625;2.92
205;12.5;625;2.89
210;12.5;625;2.84
215;12.5;625;2.75
220;12.5;625;2.9
225;12.5;625;2.97
230;12.5;625;2.96
235;12.5;625;2.94
240;12.5;625;2.89
245;12.5;625;3.03
250;12.5;625;3.03
255;12.5;625;3.04
5;12.5;625;0.21
10;12.5;625;0.35
15;12.5;625;0.45
20;12.5;625;0.46
25;12.5;625;0.64
30;12.5;625;0.84
35;12.5;625;1.11
40;12.5;625;1.06
45;12.5;625;1.03
50;12.5;625;1.26
55;12.5;625;1.56
60;12.5;625;1.59
65;12.5;625;1.3
70;12.5;625;1.54
75;12.5;625;1.88
80;12.5;625;1.96
85;12.5;625;1.51
90;12.5;625;1.76
95;12.5;625;2.1
100;12.5;625;2.26
105;12.5;625;1.86
110;12.5;625;1.88
115;12.5;625;2.19
120;12.5;625;2.53
125;12.5;625;2.33
130;12.5;625;1.93
135;12.5;625;2.2
140;12.5;625;2.59
145;12.5;625;2.6
150;12.5;625;2.41
155;12.5;625;2.2
160;12.5;625;2.55
165;12.5;625;2.77
170;12.5;625;2.67
175;12.5;625;2.5
180;12.5;625;2.5
185;12.5;625;2.87
190;12.5;625;2.83
195;12.5;625;2.76
200;12.5;625;2.61
205;12.5;625;2.82
210;12.5;625;2.93
215;12.5;625;2.9
220;12.5;625;2.85
225;12.5;625;2.73
230;12.5;625;2.99
235;12.5;625;2.99
240;12.5;625;2.98
245;12.5;625;2.97
250;12.5;625;3.04
255;12.5;625;3.04
5;12.5;625;0.19
10;12.5;625;0.21
15;12.5;625;0.39
20;12.5;625;0.61
25;12.5;625;0.93
30;12.5;625;0.72
35;12.5;625;0.92
40;12.5;625;1.18
45;12.5;625;1.49
50;12.5;625;1.07
55;12.5;625;1.28
60;12.5;625;1.56
65;12.5;625;1.9
70;12.5;625;1.31
75;12.5;625;1.54
80;12.5;625;1.84
85;12.5;625;2.19
90;12.5;625;1.73
95;12.5;625;1.73
100;12.5;625;2.04
105;12.5;625;2.42
110;12.5;625;2.17
115;12.5;625;1.82
120;12.5;625;2.09
125;12.5;625;2.46
130;12.5;625;2.5
135;12.5;625;2.26
140;12.5;625;2.11
145;12.5;625;2.43
150;12.5;625;2.7
155;12.5;625;2.59
160;12.5;625;2.35
165;12.5;625;2.4
170;12.5;625;2.82
175;12.5;625;2.77
180;12.5;625;2.66
185;12.5;625;2.44
190;12.5;625;2.72
195;12.5;625;2.88
200;12.5;625;2.83
205;12.5;625;2.75
210;12.5;625;2.65
215;12.5;625;2.96
220;12.5;625;2.94
225;12.5;625;2.92
230;12.5;625;2.87
235;12.5;625;2.97
240;12.5;625;3.01
245;12.5;625;3.01
250;12.5;625;3.01
255;12.5;625;3.02
5;15;625;0.18
10;15;625;0.27
15;15;625;0.37
20;15;625;0.6
25;15;625;0.55
30;15;625;0.74
35;15;625;0.99
40;15;625;1.17
45;15;625;0.97
50;15;625;1.22
55;15;625;1.55
60;15;625;1.19
65;15;625;1.31
70;15;625;1.58
75;15;625;1.97
80;15;625;1.35
85;15;625;1.59
90;15;625;1.93
95;15;625;2.1
100;15;625;1.57
105;15;625;1.82
110;15;625;2.17
115;15;625;2.29
120;15;625;1.96
125;15;625;1.96
130;15;625;2.31
135;15;625;2.47
140;15;625;2.24
145;15;625;2.07
150;15;625;2.42
155;15;625;2.6
160;15;625;2.46
165;15;625;2.16
170;15;625;2.5
175;15;625;2.7
180;15;625;2.61
185;15;625;2.44
190;15;625;2.58
195;15;625;2.79
200;15;625;2.74
205;15;625;2.64
210;15;625;2.64
215;15;625;2.85
220;15;625;2.83
225;15;625;2.79
230;15;625;2.69
235;15;625;2.91
240;15;625;2.91
245;15;625;2.9
250;15;625;2.89
255;15;625;2.96
5;15;625;0.17
10;15;625;0.22
15;15;625;0.35
20;15;625;0.56
25;15;625;0.87
30;15;625;0.68
35;15;625;0.88
40;15;625;1.15
45;15;625;1.09
50;15;625;1.07
55;15;625;1.31
60;15;625;1.66
65;15;625;1.28
70;15;625;1.38
75;15;625;1.67
80;15;625;2.02
85;15;625;1.43
90;15;625;1.65
95;15;625;2
100;15;625;2.13
105;15;625;1.65
110;15;625;1.86
115;15;625;2.2
120;15;625;2.34
125;15;625;2.03
130;15;625;2
135;15;625;2.36
140;15;625;2.49
145;15;625;2.29
150;15;625;2.1
155;15;625;2.46
160;15;625;2.62
165;15;625;2.49
170;15;625;2.2
175;15;625;2.54
180;15;625;2.72
185;15;625;2.65
190;15;625;2.49
195;15;625;2.61
200;15;625;2.81
205;15;625;2.76
210;15;625;2.68
215;15;625;2.67
220;15;625;2.87
225;15;625;2.85
230;15;625;2.82
235;15;625;2.74
240;15;625;2.92
245;15;625;2.92
250;15;625;2.93
255;15;625;2.94
5;15;625;0.21
10;15;625;0.25
15;15;625;0.31
20;15;625;0.48
25;15;625;0.67
30;15;625;0.93
35;15;625;0.73
40;15;625;0.9
45;15;625;1.12
50;15;625;1.42
55;15;625;1.27
60;15;625;1.2
65;15;625;1.43
70;15;625;1.75
75;15;625;1.72
80;15;625;1.41
85;15;625;1.66
90;15;625;2
95;15;625;2.03
100;15;625;1.58
105;15;625;1.82
110;15;625;2.14
115;15;625;2.33
120;15;625;2.08
125;15;625;1.88
130;15;625;2.17
135;15;625;2.55
140;15;625;2.41
145;15;625;2.17
150;15;625;2.16
155;15;625;2.5
160;15;625;2.62
165;15;625;2.5
170;15;625;2.27
175;15;625;2.46
180;15;625;2.75
185;15;625;2.69
190;15;625;2.6
195;15;625;2.41
200;15;625;2.79
205;15;625;2.81
210;15;625;2.77
215;15;625;2.7
220;15;625;2.69
225;15;625;2.88
230;15;625;2.87
235;15;625;2.86
240;15;625;2.83
245;15;625;2.94
250;15;625;2.94
255;15;625;2.95
5;15;625;0.19
10;15;625;0.35
15;15;625;0.4
20;15;625;0.63
25;15;625;0.58
30;15;625;0.76
35;15;625;1
40;15;625;1.22
45;15;625;0.94
50;15;625;1.15
55;15;625;1.42
60;15;625;1.65
65;15;625;1.2
70;15;625;1.42
75;15;625;1.72
80;15;625;1.97
85;15;625;1.42
90;15;625;1.63
95;15;625;1.94
100;15;625;2.22
105;15;625;1.92
110;15;625;1.75
115;15;625;2.02
120;15;625;2.41
125;15;625;2.31
130;15;625;2
135;15;625;2.05
140;15;625;2.39
145;15;625;2.54
150;15;625;2.39
155;15;625;2.09
160;15;625;2.37
165;15;625;2.69
170;15;625;2.61
175;15;625;2.48
180;15;625;2.34
185;15;625;2.71
190;15;625;2.75
195;15;625;2.69
200;15;625;2.59
205;15;625;2.62
210;15;625;2.84
215;15;625;2.82
220;15;625;2.79
225;15;625;2.71
230;15;625;2.91
235;15;625;2.9
240;15;625;2.9
245;15;625;2.89
250;15;625;2.88
255;15;625;2.96
5;15;625;0.17
0.3;15;625;0.21
15;15;625;0.35
20;15;625;0.55
25;15;625;0.82
30;15;625;0.66
35;15;625;0.83
40;15;625;1.06
45;15;625;1.38
50;15;625;0.98
55;15;625;1.17
60;15;625;1.41
65;15;625;1.76
70;15;625;1.44
75;15;625;1.41
80;15;625;1.67
85;15;625;2.05
90;15;625;1.83
95;15;625;1.59
100;15;625;1.87
105;15;625;2.21
110;15;625;2.19
115;15;625;1.82
120;15;625;1.92
125;15;625;2.23
130;15;625;2.47
135;15;625;2.29
140;15;625;1.95
145;15;625;2.23
150;15;625;2.62
155;15;625;2.55
160;15;625;2.39
165;15;625;2.21
170;15;625;2.55
175;15;625;2.7
180;15;625;2.62
185;15;625;2.48
190;15;625;2.49
195;15;625;2.81
200;15;625;2.77
205;15;625;2.71
210;15;625;2.6
215;15;625;2.83
220;15;625;2.86
225;15;625;2.84
230;15;625;2.82
235;15;625;2.74
240;15;625;2.92
245;15;625;2.93
250;15;625;2.93
255;15;625;2.94
5;5;465;0.31
10;5;465;0.66
15;5;465;1.34
20;5;465;2.4
25;5;465;1.2
30;5;465;1.71
35;5;465;2.46
40;5;465;4.04
45;5;465;1.81
50;5;465;2.4
55;5;465;3.37
60;5;465;3.83
65;5;465;2.21
70;5;465;2.82
75;5;465;4.02
80;5;465;3.79
85;5;465;2.56
90;5;465;3.25
95;5;465;4.25
100;5;465;3.69
105;5;465;2.81
110;5;465;3.49
115;5;465;4.28
120;5;465;4.14
125;5;465;2.88
130;5;465;3.52
135;5;465;4.3
140;5;465;4.24
145;5;465;2.95
150;5;465;3.58
155;5;465;4.32
160;5;465;4.28
165;5;465;3.88
170;5;465;3.61
175;5;465;4.33
180;5;465;4.31
185;5;465;4.21
190;5;465;3.65
195;5;465;4.34
200;5;465;4.33
205;5;465;4.29
210;5;465;3.68
215;5;465;4.34
220;5;465;4.34
225;5;465;4.32
230;5;465;4.1
235;5;465;4.35
240;5;465;4.35
245;5;465;4.34
250;5;465;4.33
255;5;465;4.35
5;5;465;0.59
10;5;465;0.76
15;5;465;1.16
20;5;465;1.97
25;5;465;3.78
30;5;465;1.49
35;5;465;2.02
40;5;465;2.85
45;5;465;3.91
50;5;465;1.97
55;5;465;2.53
60;5;465;3.49
65;5;465;3.9
70;5;465;2.31
75;5;465;2.93
80;5;465;4.24
85;5;465;3.81
90;5;465;2.61
95;5;465;3.3
100;5;465;4.24
105;5;465;3.92
110;5;465;2.78
115;5;465;3.44
120;5;465;4.27
125;5;465;4.17
130;5;465;2.85
135;5;465;3.51
140;5;465;4.29
145;5;465;4.24
150;5;465;2.91
155;5;465;3.53
160;5;465;4.31
165;5;465;4.28
170;5;465;4.03
175;5;465;3.61
180;5;465;4.32
185;5;465;4.31
190;5;465;4.24
195;5;465;3.63
200;5;465;4.33
205;5;465;4.32
210;5;465;4.29
215;5;465;3.66
220;5;465;4.34
225;5;465;4.33
230;5;465;4.32
235;5;465;4.21
240;5;465;4.34
245;5;465;4.34
250;5;465;4.34
255;5;465;4.34
5;5;465;0.82
10;5;465;1.26
15;5;465;1.46
20;5;465;1.5
25;5;465;1.82
30;5;465;2.7
35;5;465;3.63
40;5;465;1.76
45;5;465;2.26
50;5;465;3.03
55;5;465;4.07
60;5;465;2.03
65;5;465;2.52
70;5;465;3.24
75;5;465;4.18
80;5;465;2.2
85;5;465;2.67
90;5;465;3.37
95;5;465;4.24
100;5;465;3.73
105;5;465;2.73
110;5;465;3.29
115;5;465;4.28
120;5;465;4.22
125;5;465;2.65
130;5;465;3.13
135;5;465;3.93
140;5;465;4.28
145;5;465;4.21
150;5;465;2.99
155;5;465;3.59
160;5;465;4.31
165;5;465;4.29
170;5;465;4.18
175;5;465;3.38
180;5;465;4.32
185;5;465;4.31
190;5;465;4.29
195;5;465;4.12
200;5;465;3.87
205;5;465;4.33
210;5;465;4.32
215;5;465;4.3
220;5;465;3.91
225;5;465;4.34
230;5;465;4.33
235;5;465;4.33
240;5;465;4.32
245;5;465;4.13
250;5;465;4.34
255;5;465;4.34
5;5;465;0.77
10;5;465;0.91
15;5;465;1.57
20;5;465;2.95
25;5;465;1.26
30;5;465;1.71
35;5;465;2.33
40;5;465;3.43
45;5;465;1.65
50;5;465;2.07
55;5;465;2.66
60;5;465;3.67
65;5;465;3.82
70;5;465;2.28
75;5;465;2.82
80;5;465;3.74
85;5;465;4.13
90;5;465;2.42
95;5;465;2.93
100;5;465;3.8
105;5;465;4.23
110;5;465;3.52
115;5;465;2.87
120;5;465;3.49
125;5;465;4.28
130;5;465;4.22
135;5;465;2.79
140;5;465;3.31
145;5;465;4.31
150;5;465;4.29
155;5;465;4.21
160;5;465;3.12
165;5;465;3.78
170;5;465;4.31
175;5;465;4.29
180;5;465;4.18
185;5;465;3.54
190;5;465;4.33
195;5;465;4.32
200;5;465;4.3
205;5;465;4.12
210;5;465;4.11
215;5;465;4.33
220;5;465;4.33
225;5;465;4.31
230;5;465;3.74
235;5;465;4.34
240;5;465;4.34
245;5;465;4.34
250;5;465;4.33
255;5;465;4.34
5;5;465;0.52
10;5;465;0.89
15;5;465;0.99
20;5;465;1.56
25;5;465;2.4
30;5;465;3.78
35;5;465;1.62
40;5;465;2.11
45;5;465;2.83
50;5;465;4.1
55;5;465;1.92
60;5;465;2.38
65;5;465;3.04
70;5;465;4.19
75;5;465;2.11
80;5;465;2.54
85;5;465;3.18
90;5;465;4.24
95;5;465;3.94
100;5;465;2.66
105;5;465;3.21
110;5;465;4.28
115;5;465;4.22
120;5;465;2.59
125;5;465;3.06
130;5;465;3.81
135;5;465;4.28
140;5;465;4.2
145;5;465;2.94
150;5;465;3.52
155;5;465;4.31
160;5;465;4.29
165;5;465;4.19
170;5;465;3.3
175;5;465;4.18
180;5;465;4.31
185;5;465;4.28
190;5;465;4.11
195;5;465;3.77
200;5;465;4.32
205;5;465;4.31
210;5;465;4.29
215;5;465;3.64
220;5;465;4.33
225;5;465;4.33
230;5;465;4.32
235;5;465;4.31
240;5;465;4.09
245;5;465;4.34
250;5;465;4.34
255;5;465;4.33
5;7.5;465;0.72
10;7.5;465;0.69
15;7.5;465;1.41
20;7.5;465;2.48
25;7.5;465;1.31
30;7.5;465;1.81
35;7.5;465;2.55
40;7.5;465;4.05
45;7.5;465;1.92
50;7.5;465;2.5
55;7.5;465;3.41
60;7.5;465;3.85
65;7.5;465;2.32
70;7.5;465;2.91
75;7.5;465;4.05
80;7.5;465;3.76
85;7.5;465;2.63
90;7.5;465;3.28
95;7.5;465;4.25
100;7.5;465;3.66
105;7.5;465;2.86
110;7.5;465;3.51
115;7.5;465;4.27
120;7.5;465;4.13
125;7.5;465;2.93
130;7.5;465;3.55
135;7.5;465;4.3
140;7.5;465;4.23
145;7.5;465;3
150;7.5;465;3.63
155;7.5;465;4.31
160;7.5;465;4.28
165;7.5;465;3.8
170;7.5;465;3.67
175;7.5;465;4.32
180;7.5;465;4.3
185;7.5;465;4.19
190;7.5;465;3.71
195;7.5;465;4.33
200;7.5;465;4.32
205;7.5;465;4.28
210;7.5;465;3.74
215;7.5;465;4.34
220;7.5;465;4.33
225;7.5;465;4.32
230;7.5;465;3.99
235;7.5;465;4.35
240;7.5;465;4.34
245;7.5;465;4.34
250;7.5;465;4.32
255;7.5;465;4.35
5;7.5;465;0.65
10;7.5;465;0.89
15;7.5;465;1.23
20;7.5;465;2.03
25;7.5;465;3.77
30;7.5;465;1.57
35;7.5;465;2.09
40;7.5;465;2.9
45;7.5;465;3.89
50;7.5;465;2.05
55;7.5;465;2.6
60;7.5;465;3.52
65;7.5;465;3.87
70;7.5;465;2.39
75;7.5;465;3.01
80;7.5;465;4.24
85;7.5;465;3.74
90;7.5;465;2.69
95;7.5;465;3.38
100;7.5;465;4.25
105;7.5;465;3.88
110;7.5;465;2.87
115;7.5;465;3.51
120;7.5;465;4.28
125;7.5;465;4.16
130;7.5;465;2.95
135;7.5;465;3.58
140;7.5;465;4.3
145;7.5;465;4.24
150;7.5;465;3.01
155;7.5;465;3.62
160;7.5;465;4.31
165;7.5;465;4.28
170;7.5;465;3.94
175;7.5;465;3.68
180;7.5;465;4.32
185;7.5;465;4.31
190;7.5;465;4.23
195;7.5;465;3.7
200;7.5;465;4.33
205;7.5;465;4.32
210;7.5;465;4.29
215;7.5;465;3.71
220;7.5;465;4.34
225;7.5;465;4.34
230;7.5;465;4.32
235;7.5;465;4.2
240;7.5;465;4.35
245;7.5;465;4.35
250;7.5;465;4.34
255;7.5;465;4.34
5;7.5;465;0.66
10;7.5;465;0.89
15;7.5;465;1.52
20;7.5;465;1.35
25;7.5;465;1.93
30;7.5;465;2.79
35;7.5;465;3.47
40;7.5;465;1.86
45;7.5;465;2.37
50;7.5;465;3.14
55;7.5;465;4.04
60;7.5;465;2.14
65;7.5;465;2.61
70;7.5;465;3.32
75;7.5;465;4.18
80;7.5;465;2.3
85;7.5;465;2.76
90;7.5;465;3.45
95;7.5;465;4.24
100;7.5;465;3.57
105;7.5;465;2.82
110;7.5;465;3.38
115;7.5;465;4.28
120;7.5;465;4.22
125;7.5;465;2.75
130;7.5;465;3.23
135;7.5;465;4.04
140;7.5;465;4.29
145;7.5;465;4.19
150;7.5;465;3.1
155;7.5;465;3.7
160;7.5;465;4.31
165;7.5;465;4.29
170;7.5;465;4.15
175;7.5;465;3.48
180;7.5;465;4.33
185;7.5;465;4.32
190;7.5;465;4.29
195;7.5;465;4.01
200;7.5;465;4
205;7.5;465;4.33
210;7.5;465;4.33
215;7.5;465;4.3
220;7.5;465;3.7
225;7.5;465;4.34
230;7.5;465;4.34
235;7.5;465;4.34
240;7.5;465;4.32
245;7.5;465;4.35
250;7.5;465;4.35
255;7.5;465;4.35
5;7.5;465;0.87
10;7.5;465;1.02
15;7.5;465;1.73
20;7.5;465;3.3
25;7.5;465;1.39
30;7.5;465;1.85
35;7.5;465;2.5
40;7.5;465;3.72
45;7.5;465;1.79
50;7.5;465;2.22
55;7.5;465;2.83
60;7.5;465;3.94
65;7.5;465;3.03
70;7.5;465;2.43
75;7.5;465;2.99
80;7.5;465;4.04
85;7.5;465;4.02
90;7.5;465;2.59
95;7.5;465;3.13
100;7.5;465;4.18
105;7.5;465;4.2
110;7.5;465;2.61
115;7.5;465;3.05
120;7.5;465;3.74
125;7.5;465;4.28
130;7.5;465;4.16
135;7.5;465;2.97
140;7.5;465;3.52
145;7.5;465;4.31
150;7.5;465;4.28
155;7.5;465;4.11
160;7.5;465;3.31
165;7.5;465;4.09
170;7.5;465;4.31
175;7.5;465;4.28
180;7.5;465;3.89
185;7.5;465;3.78
190;7.5;465;4.33
195;7.5;465;4.32
200;7.5;465;4.29
205;7.5;465;3.52
210;7.5;465;4.34
215;7.5;465;4.34
220;7.5;465;4.33
225;7.5;465;4.3
230;7.5;465;4.04
235;7.5;465;4.34
240;7.5;465;4.34
245;7.5;465;4.34
250;7.5;465;4.32
255;7.5;465;4.35
5;7.5;465;0.61
10;7.5;465;0.98
15;7.5;465;1.13
20;7.5;465;1.77
25;7.5;465;2.74
30;7.5;465;1.4
35;7.5;465;1.8
40;7.5;465;2.33
45;7.5;465;3.16
50;7.5;465;3.89
55;7.5;465;2.11
60;7.5;465;2.6
65;7.5;465;3.34
70;7.5;465;4.13
75;7.5;465;2.28
80;7.5;465;2.75
85;7.5;465;3.47
90;7.5;465;4.22
95;7.5;465;2.41
100;7.5;465;2.85
105;7.5;465;3.46
110;7.5;465;4.27
115;7.5;465;4.16
120;7.5;465;2.78
125;7.5;465;3.28
130;7.5;465;4.26
135;7.5;465;4.27
140;7.5;465;4.1
145;7.5;465;3.15
150;7.5;465;3.79
155;7.5;465;4.31
160;7.5;465;4.27
165;7.5;465;3.97
170;7.5;465;3.54
175;7.5;465;4.32
180;7.5;465;4.31
185;7.5;465;4.28
190;7.5;465;3.35
195;7.5;465;4.11
200;7.5;465;4.33
205;7.5;465;4.32
210;7.5;465;4.28
215;7.5;465;3.75
220;7.5;465;4.34
225;7.5;465;4.34
230;7.5;465;4.33
235;7.5;465;4.3
240;7.5;465;4.34
245;7.5;465;4.35
250;7.5;465;4.34
255;7.5;465;4.34
5;10;465;0.73
10;10;465;0.93
15;10;465;1.42
20;10;465;2.47
25;10;465;1.35
30;10;465;1.84
35;10;465;2.56
40;10;465;4.01
45;10;465;1.96
50;10;465;2.53
55;10;465;3.4
60;10;465;3.83
65;10;465;2.36
70;10;465;2.93
75;10;465;4.01
80;10;465;3.76
85;10;465;2.66
90;10;465;3.29
95;10;465;4.23
100;10;465;3.68
105;10;465;2.88
110;10;465;3.52
115;10;465;4.26
120;10;465;4.12
125;10;465;2.96
130;10;465;3.56
135;10;465;4.28
140;10;465;4.22
145;10;465;3.03
150;10;465;3.63
155;10;465;4.3
160;10;465;4.26
165;10;465;3.83
170;10;465;3.66
175;10;465;4.31
180;10;465;4.29
185;10;465;4.19
190;10;465;3.69
195;10;465;4.32
200;10;465;4.31
205;10;465;4.27
210;10;465;3.72
215;10;465;4.33
220;10;465;4.32
225;10;465;4.31
230;10;465;4.08
235;10;465;4.34
240;10;465;4.33
245;10;465;4.33
250;10;465;4.31
255;10;465;4.34
5;10;465;0.66
10;10;465;1.1
15;10;465;1.26
20;10;465;2.03
25;10;465;3.62
30;10;465;1.6
35;10;465;2.11
40;10;465;2.88
45;10;465;3.91
50;10;465;2.07
55;10;465;2.61
60;10;465;3.48
65;10;465;3.9
70;10;465;2.42
75;10;465;3
80;10;465;4.14
85;10;465;3.86
90;10;465;2.7
95;10;465;3.36
100;10;465;4.24
105;10;465;3.95
110;10;465;2.88
115;10;465;3.48
120;10;465;4.27
125;10;465;4.17
130;10;465;2.95
135;10;465;3.55
140;10;465;4.29
145;10;465;4.24
150;10;465;3.01
155;10;465;3.58
160;10;465;4.3
165;10;465;4.28
170;10;465;4.03
175;10;465;3.66
180;10;465;4.31
185;10;465;4.3
190;10;465;4.23
195;10;465;3.68
200;10;465;4.32
205;10;465;4.31
210;10;465;4.28
215;10;465;3.7
220;10;465;4.33
225;10;465;4.33
230;10;465;4.32
235;10;465;4.21
240;10;465;4.34
245;10;465;4.34
250;10;465;4.33
255;10;465;4.33
5;10;465;0.92
10;10;465;1.15
15;10;465;1.47
20;10;465;1.37
25;10;465;1.93
30;10;465;2.75
35;10;465;3.6
40;10;465;1.89
45;10;465;2.37
50;10;465;3.09
55;10;465;4.04
60;10;465;2.16
65;10;465;2.61
70;10;465;3.28
75;10;465;4.17
80;10;465;2.32
85;10;465;2.75
90;10;465;3.39
95;10;465;4.23
100;10;465;3.85
105;10;465;2.81
110;10;465;3.33
115;10;465;4.27
120;10;465;4.22
125;10;465;2.74
130;10;465;3.18
135;10;465;3.87
140;10;465;4.28
145;10;465;4.21
150;10;465;3.05
155;10;465;3.59
160;10;465;4.3
165;10;465;4.28
170;10;465;4.19
175;10;465;3.41
180;10;465;4.24
185;10;465;4.31
190;10;465;4.29
195;10;465;4.16
200;10;465;3.85
205;10;465;4.33
210;10;465;4.32
215;10;465;4.3
220;10;465;4.11
225;10;465;4.33
230;10;465;4.33
235;10;465;4.33
240;10;465;4.32
245;10;465;4.06
250;10;465;4.34
255;10;465;4.34
5;10;465;0.84
10;10;465;1.23
15;10;465;1.62
20;10;465;2.85
25;10;465;1.38
30;10;465;1.81
35;10;465;2.4
40;10;465;3.39
45;10;465;1.78
50;10;465;2.18
55;10;465;2.73
60;10;465;3.63
65;10;465;3.86
70;10;465;2.39
75;10;465;2.9
80;10;465;3.73
85;10;465;4.12
90;10;465;2.53
95;10;465;3.02
100;10;465;3.83
105;10;465;4.21
110;10;465;3.57
115;10;465;2.97
120;10;465;3.54
125;10;465;4.28
130;10;465;4.21
135;10;465;2.88
140;10;465;3.37
145;10;465;4.3
150;10;465;4.28
155;10;465;4.19
160;10;465;3.21
165;10;465;3.83
170;10;465;4.31
175;10;465;4.28
180;10;465;4.16
185;10;465;3.6
190;10;465;4.32
195;10;465;4.31
200;10;465;4.29
205;10;465;4.12
210;10;465;4.11
215;10;465;4.33
220;10;465;4.32
225;10;465;4.3
230;10;465;3.78
235;10;465;4.33
240;10;465;4.33
245;10;465;4.33
250;10;465;4.33
255;10;465;4.34
5;10;465;0.59
10;10;465;0.99
15;10;465;1.08
20;10;465;1.65
25;10;465;2.45
30;10;465;3.77
35;10;465;1.74
40;10;465;2.21
45;10;465;2.89
50;10;465;4.08
55;10;465;2.05
60;10;465;2.5
65;10;465;3.13
70;10;465;4.17
75;10;465;2.23
80;10;465;2.65
85;10;465;3.25
90;10;465;4.23
95;10;465;3.92
100;10;465;2.77
105;10;465;3.28
110;10;465;4.27
115;10;465;4.21
120;10;465;2.7
125;10;465;3.13
130;10;465;3.8
135;10;465;4.27
140;10;465;4.19
145;10;465;3.03
150;10;465;3.57
155;10;465;4.3
160;10;465;4.28
165;10;465;4.17
170;10;465;3.38
175;10;465;4.2
180;10;465;4.31
185;10;465;4.28
190;10;465;4.1
195;10;465;3.83
200;10;465;4.32
205;10;465;4.31
210;10;465;4.29
215;10;465;3.91
220;10;465;4.33
225;10;465;4.33
230;10;465;4.32
235;10;465;4.3
240;10;465;4.1
245;10;465;4.33
250;10;465;4.34
255;10;465;4.34
5;12.5;465;0.55
10;12.5;465;0.78
15;12.5;465;0.98
20;12.5;465;1.97
25;12.5;465;0.92
30;12.5;465;1.35
35;12.5;465;2.06
40;12.5;465;3.69
45;12.5;465;1.47
50;12.5;465;2.02
55;12.5;465;3.03
60;12.5;465;3.38
65;12.5;465;1.86
70;12.5;465;2.47
75;12.5;465;3.85
80;12.5;465;3.22
85;12.5;465;2.17
90;12.5;465;2.89
95;12.5;465;4.01
100;12.5;465;2.87
105;12.5;465;2.43
110;12.5;465;3.18
115;12.5;465;4.05
120;12.5;465;3.81
125;12.5;465;2.52
130;12.5;465;3.24
135;12.5;465;4.08
140;12.5;465;3.97
145;12.5;465;2.6
150;12.5;465;3.31
155;12.5;465;4.1
160;12.5;465;4.05
165;12.5;465;2.83
170;12.5;465;3.36
175;12.5;465;4.12
180;12.5;465;4.09
185;12.5;465;3.92
190;12.5;465;3.4
195;12.5;465;4.13
200;12.5;465;4.12
205;12.5;465;4.06
210;12.5;465;3.46
215;12.5;465;4.14
220;12.5;465;4.13
225;12.5;465;4.11
230;12.5;465;3.46
235;12.5;465;4.14
240;12.5;465;4.14
245;12.5;465;4.14
250;12.5;465;4.11
255;12.5;465;4.15
5;12.5;465;0.41
10;12.5;465;0.65
15;12.5;465;0.86
20;12.5;465;1.54
25;12.5;465;3.47
30;12.5;465;1.14
35;12.5;465;1.61
40;12.5;465;2.42
45;12.5;465;3.54
50;12.5;465;1.58
55;12.5;465;2.12
60;12.5;465;3.13
65;12.5;465;3.53
70;12.5;465;1.91
75;12.5;465;2.52
80;12.5;465;3.95
85;12.5;465;3.49
90;12.5;465;2.21
95;12.5;465;2.92
100;12.5;465;4.02
105;12.5;465;3.61
110;12.5;465;2.39
115;12.5;465;3.07
120;12.5;465;4.06
125;12.5;465;3.91
130;12.5;465;2.49
135;12.5;465;3.19
140;12.5;465;4.08
145;12.5;465;4.01
150;12.5;465;2.57
155;12.5;465;3.24
160;12.5;465;4.1
165;12.5;465;4.06
170;12.5;465;3.6
175;12.5;465;3.32
180;12.5;465;4.12
185;12.5;465;4.1
190;12.5;465;3.99
195;12.5;465;3.35
200;12.5;465;4.13
205;12.5;465;4.12
210;12.5;465;4.08
215;12.5;465;3.4
220;12.5;465;4.14
225;12.5;465;4.13
230;12.5;465;4.12
235;12.5;465;3.91
240;12.5;465;4.14
245;12.5;465;4.14
250;12.5;465;4.14
255;12.5;465;4.14
5;12.5;465;0.59
10;12.5;465;0.92
15;12.5;465;1.08
20;12.5;465;0.96
25;12.5;465;1.48
30;12.5;465;2.39
35;12.5;465;1.87
40;12.5;465;1.43
45;12.5;465;1.92
50;12.5;465;2.79
55;12.5;465;3.62
60;12.5;465;1.69
65;12.5;465;2.17
70;12.5;465;2.99
75;12.5;465;3.88
80;12.5;465;1.86
85;12.5;465;2.34
90;12.5;465;3.14
95;12.5;465;3.97
100;12.5;465;1.98
105;12.5;465;2.4
110;12.5;465;3.05
115;12.5;465;4.06
120;12.5;465;3.94
125;12.5;465;2.34
130;12.5;465;2.87
135;12.5;465;3.97
140;12.5;465;4.06
145;12.5;465;3.9
150;12.5;465;2.72
155;12.5;465;3.44
160;12.5;465;4.1
165;12.5;465;4.06
170;12.5;465;3.81
175;12.5;465;3.15
180;12.5;465;4.12
185;12.5;465;4.11
190;12.5;465;4.07
195;12.5;465;3.52
200;12.5;465;3.79
205;12.5;465;4.13
210;12.5;465;4.12
215;12.5;465;4.08
220;12.5;465;3.4
225;12.5;465;4.14
230;12.5;465;4.13
235;12.5;465;4.13
240;12.5;465;4.11
245;12.5;465;4.15
250;12.5;465;4.15
255;12.5;465;4.15
5;12.5;465;0.56
10;12.5;465;0.95
15;12.5;465;1.25
20;12.5;465;2.82
25;12.5;465;0.98
30;12.5;465;1.39
35;12.5;465;2.01
40;12.5;465;3.43
45;12.5;465;1.35
50;12.5;465;1.75
55;12.5;465;2.37
60;12.5;465;3.7
65;12.5;465;1.85
70;12.5;465;1.96
75;12.5;465;2.54
80;12.5;465;3.8
85;12.5;465;3.7
90;12.5;465;2.11
95;12.5;465;2.68
100;12.5;465;3.89
105;12.5;465;3.95
110;12.5;465;2.14
115;12.5;465;2.61
120;12.5;465;3.38
125;12.5;465;4.05
130;12.5;465;3.91
135;12.5;465;2.51
140;12.5;465;3.11
145;12.5;465;4.09
150;12.5;465;4.06
155;12.5;465;3.84
160;12.5;465;2.91
165;12.5;465;3.86
170;12.5;465;4.1
175;12.5;465;4.06
180;12.5;465;3.38
185;12.5;465;3.48
190;12.5;465;4.12
195;12.5;465;4.11
200;12.5;465;4.06
205;12.5;465;3.19
210;12.5;465;4.13
215;12.5;465;4.13
220;12.5;465;4.12
225;12.5;465;4.07
230;12.5;465;3.86
235;12.5;465;4.14
240;12.5;465;4.14
245;12.5;465;4.13
250;12.5;465;4.11
255;12.5;465;4.15
5;12.5;465;0.38
10;12.5;465;0.56
15;12.5;465;0.77
20;12.5;465;1.3
25;12.5;465;2.26
30;12.5;465;1
35;12.5;465;1.35
40;12.5;465;1.85
45;12.5;465;2.73
50;12.5;465;3.45
55;12.5;465;1.64
60;12.5;465;2.12
65;12.5;465;2.95
70;12.5;465;3.85
75;12.5;465;1.82
80;12.5;465;2.29
85;12.5;465;3.09
90;12.5;465;3.96
95;12.5;465;1.96
100;12.5;465;2.42
105;12.5;465;3.1
110;12.5;465;4.04
115;12.5;465;3.88
120;12.5;465;2.36
125;12.5;465;2.91
130;12.5;465;4.09
135;12.5;465;4.04
140;12.5;465;3.75
145;12.5;465;2.76
150;12.5;465;3.56
155;12.5;465;4.09
160;12.5;465;4.04
165;12.5;465;3.06
170;12.5;465;3.26
175;12.5;465;4.12
180;12.5;465;4.1
185;12.5;465;4.04
190;12.5;465;3.01
195;12.5;465;4.06
200;12.5;465;4.13
205;12.5;465;4.11
210;12.5;465;4.05
215;12.5;465;3.52
220;12.5;465;4.13
225;12.5;465;4.13
230;12.5;465;4.12
235;12.5;465;4.06
240;12.5;465;4.14
245;12.5;465;4.14
250;12.5;465;4.14
255;12.5;465;4.14
5;15;465;0.59
10;15;465;0.88
15;15;465;1.19
20;15;465;2.19
25;15;465;1.15
30;15;465;1.61
35;15;465;2.31
40;15;465;3.79
45;15;465;1.73
50;15;465;2.28
55;15;465;3.18
60;15;465;3.55
65;15;465;2.13
70;15;465;2.7
75;15;465;3.91
80;15;465;3.45
85;15;465;2.43
90;15;465;3.09
95;15;465;4.08
100;15;465;3.15
105;15;465;2.69
110;15;465;3.36
115;15;465;4.12
120;15;465;3.91
125;15;465;2.76
130;15;465;3.41
135;15;465;4.14
140;15;465;4.06
145;15;465;2.84
150;15;465;3.48
155;15;465;4.17
160;15;465;4.12
165;15;465;3.37
170;15;465;3.51
175;15;465;4.18
180;15;465;4.15
185;15;465;4.02
190;15;465;3.55
195;15;465;4.19
200;15;465;4.18
205;15;465;4.13
210;15;465;3.58
215;15;465;4.2
220;15;465;4.2
225;15;465;4.18
230;15;465;3.73
235;15;465;4.21
240;15;465;4.21
245;15;465;4.21
250;15;465;4.18
255;15;465;4.21
5;15;465;0.54
10;15;465;0.89
15;15;465;1.05
20;15;465;1.79
25;15;465;3.57
30;15;465;1.4
35;15;465;1.89
40;15;465;2.69
45;15;465;3.53
50;15;465;1.87
55;15;465;2.4
60;15;465;3.35
65;15;465;3.5
70;15;465;2.21
75;15;465;2.82
80;15;465;4.07
85;15;465;3.38
90;15;465;2.51
95;15;465;3.19
100;15;465;4.08
105;15;465;3.57
110;15;465;2.69
115;15;465;3.34
120;15;465;4.13
125;15;465;3.97
130;15;465;2.77
135;15;465;3.42
140;15;465;4.15
145;15;465;4.08
150;15;465;2.84
155;15;465;3.47
160;15;465;4.17
165;15;465;4.13
170;15;465;3.66
175;15;465;3.52
180;15;465;4.18
185;15;465;4.16
190;15;465;4.06
195;15;465;3.56
200;15;465;4.2
205;15;465;4.18
210;15;465;4.14
215;15;465;3.59
220;15;465;4.21
225;15;465;4.2
230;15;465;4.18
235;15;465;3.93
240;15;465;4.21
245;15;465;4.21
250;15;465;4.21
255;15;465;4.21
5;15;465;0.76
10;15;465;1.01
15;15;465;1.24
20;15;465;1.17
25;15;465;1.7
30;15;465;2.54
35;15;465;2.98
40;15;465;1.67
45;15;465;2.16
50;15;465;2.93
55;15;465;3.78
60;15;465;1.95
65;15;465;2.4
70;15;465;3.11
75;15;465;3.99
80;15;465;2.12
85;15;465;2.57
90;15;465;3.27
95;15;465;4.06
100;15;465;3.02
105;15;465;2.64
110;15;465;3.22
115;15;465;4.13
120;15;465;4.04
125;15;465;2.58
130;15;465;3.06
135;15;465;3.94
140;15;465;4.13
145;15;465;4.01
150;15;465;2.93
155;15;465;3.55
160;15;465;4.17
165;15;465;4.13
170;15;465;3.95
175;15;465;3.33
180;15;465;4.19
185;15;465;4.18
190;15;465;4.14
195;15;465;3.71
200;15;465;3.88
205;15;465;4.2
210;15;465;4.18
215;15;465;4.15
220;15;465;3.56
225;15;465;4.21
230;15;465;4.2
235;15;465;4.2
240;15;465;4.17
245;15;465;4.21
250;15;465;4.21
255;15;465;4.22
5;15;465;0.71
10;15;465;1.1
15;15;465;1.48
20;15;465;3
25;15;465;1.22
30;15;465;1.65
35;15;465;2.28
40;15;465;3.55
45;15;465;1.61
50;15;465;2.03
55;15;465;2.63
60;15;465;3.85
65;15;465;1.85
70;15;465;2.24
75;15;465;2.8
80;15;465;3.94
85;15;465;3.76
90;15;465;2.39
95;15;465;2.94
100;15;465;4.03
105;15;465;4.02
110;15;465;2.42
115;15;465;2.87
120;15;465;3.59
125;15;465;4.12
130;15;465;3.97
135;15;465;2.78
140;15;465;3.34
145;15;465;4.16
150;15;465;4.13
155;15;465;3.91
160;15;465;3.14
165;15;465;3.94
170;15;465;4.17
175;15;465;4.13
180;15;465;3.66
185;15;465;3.62
190;15;465;4.19
195;15;465;4.18
200;15;465;4.13
205;15;465;3.37
210;15;465;4.2
215;15;465;4.2
220;15;465;4.19
225;15;465;4.14
230;15;465;3.91
235;15;465;4.21
240;15;465;4.21
245;15;465;4.2
250;15;465;4.18
255;15;465;4.22
5;15;465;0.5
10;15;465;0.75
15;15;465;0.95
20;15;465;1.52
25;15;465;2.41
30;15;465;1.22
35;15;465;1.59
40;15;465;2.08
45;15;465;2.9
50;15;465;3.62
55;15;465;1.9
60;15;465;2.38
65;15;465;3.13
70;15;465;3.93
75;15;465;2.09
80;15;465;2.56
85;15;465;3.28
90;15;465;4.04
95;15;465;2.23
100;15;465;2.68
105;15;465;3.29
110;15;465;4.11
115;15;465;3.97
120;15;465;2.61
125;15;465;3.11
130;15;465;4.11
135;15;465;4.12
140;15;465;3.92
145;15;465;2.95
150;15;465;3.61
155;15;465;4.16
160;15;465;4.12
165;15;465;3.83
170;15;465;3.33
175;15;465;4.18
180;15;465;4.17
185;15;465;4.13
190;15;465;3.14
195;15;465;3.86
200;15;465;4.19
205;15;465;4.18
210;15;465;4.14
215;15;465;3.55
220;15;465;4.2
225;15;465;4.2
230;15;465;4.19
235;15;465;4.15
240;15;465;4.21
245;15;465;4.21
250;15;465;4.21
255;15;465;4.21
5;5;520;1.42
10;5;520;1.98
15;5;520;2.34
20;5;520;3.28
25;5;520;2.39
30;5;520;2.88
35;5;520;3.47
40;5;520;4.35
45;5;520;3.04
50;5;520;3.48
55;5;520;3.99
60;5;520;4.4
65;5;520;3.38
70;5;520;3.75
75;5;520;4.23
80;5;520;4.45
85;5;520;3.59
90;5;520;3.94
95;5;520;4.44
100;5;520;4.49
105;5;520;3.72
110;5;520;4.03
115;5;520;4.47
120;5;520;4.55
125;5;520;4.1
130;5;520;4.03
135;5;520;4.43
140;5;520;4.58
145;5;520;4.5
150;5;520;4.03
155;5;520;4.4
160;5;520;4.6
165;5;520;4.57
170;5;520;4.04
175;5;520;4.38
180;5;520;4.61
185;5;520;4.6
190;5;520;4.53
195;5;520;4.36
200;5;520;4.62
205;5;520;4.61
210;5;520;4.59
215;5;520;4.33
220;5;520;4.63
225;5;520;4.62
230;5;520;4.62
235;5;520;4.58
240;5;520;4.63
245;5;520;4.63
250;5;520;4.63
255;5;520;4.63
5;5;520;1.76
10;5;520;2.19
15;5;520;2.25
20;5;520;2.36
25;5;520;2.99
30;5;520;3.76
35;5;520;2.66
40;5;520;3.08
45;5;520;3.58
50;5;520;4.27
55;5;520;3.07
60;5;520;3.45
65;5;520;3.89
70;5;520;4.5
75;5;520;3.33
80;5;520;3.68
85;5;520;4.1
90;5;520;4.53
95;5;520;3.52
100;5;520;3.86
105;5;520;4.26
110;5;520;4.56
115;5;520;4.38
120;5;520;3.9
125;5;520;4.25
130;5;520;4.58
135;5;520;4.53
140;5;520;3.91
145;5;520;4.23
150;5;520;4.6
155;5;520;4.57
160;5;520;4.42
165;5;520;4.22
170;5;520;4.61
175;5;520;4.6
180;5;520;4.56
185;5;520;4.21
190;5;520;4.62
195;5;520;4.61
200;5;520;4.6
205;5;520;4.46
210;5;520;4.61
215;5;520;4.62
220;5;520;4.62
225;5;520;4.59
230;5;520;4.53
235;5;520;4.63
240;5;520;4.63
245;5;520;4.62
250;5;520;4.6
255;5;520;4.63
5;5;520;1.27
10;5;520;1.68
15;5;520;2.03
20;5;520;2.74
25;5;520;3.52
30;5;520;2.48
35;5;520;2.88
40;5;520;3.33
45;5;520;3.87
50;5;520;4.32
55;5;520;3.18
60;5;520;3.54
65;5;520;3.98
70;5;520;4.49
75;5;520;3.34
80;5;520;3.66
85;5;520;4.03
90;5;520;4.55
95;5;520;4.37
100;5;520;3.72
105;5;520;4.03
110;5;520;4.46
115;5;520;4.54
120;5;520;4.27
125;5;520;3.94
130;5;520;4.27
135;5;520;4.59
140;5;520;4.56
145;5;520;4.28
150;5;520;4.13
155;5;520;4.5
160;5;520;4.6
165;5;520;4.57
170;5;520;4.19
175;5;520;4.33
180;5;520;4.61
185;5;520;4.6
190;5;520;4.58
195;5;520;4.19
200;5;520;4.56
205;5;520;4.62
210;5;520;4.61
215;5;520;4.59
220;5;520;4.35
225;5;520;4.63
230;5;520;4.63
235;5;520;4.62
240;5;520;4.61
245;5;520;4.58
250;5;520;4.63
255;5;520;4.63
5;5;520;1.5
10;5;520;1.56
15;5;520;2.45
20;5;520;3.44
25;5;520;2.35
30;5;520;2.8
35;5;520;3.28
40;5;520;3.9
45;5;520;4.06
50;5;520;3.15
55;5;520;3.54
60;5;520;4.03
65;5;520;4.42
70;5;520;3.34
75;5;520;3.67
80;5;520;4.07
85;5;520;4.53
90;5;520;4.08
95;5;520;3.74
100;5;520;4.12
105;5;520;4.57
110;5;520;4.5
115;5;520;3.71
120;5;520;3.99
125;5;520;4.35
130;5;520;4.58
135;5;520;4.52
140;5;520;3.9
145;5;520;4.2
150;5;520;4.6
155;5;520;4.58
160;5;520;4.53
165;5;520;4.08
170;5;520;4.42
175;5;520;4.61
180;5;520;4.59
185;5;520;4.55
190;5;520;4.25
195;5;520;4.62
200;5;520;4.61
205;5;520;4.6
210;5;520;4.56
215;5;520;4.46
220;5;520;4.63
225;5;520;4.62
230;5;520;4.62
235;5;520;4.59
240;5;520;4.63
245;5;520;4.63
250;5;520;4.63
255;5;520;4.63
5;5;520;1.9
10;5;520;2.67
15;5;520;3.32
20;5;520;2.17
25;5;520;2.68
30;5;520;3.25
35;5;520;3.94
40;5;520;2.78
45;5;520;3.15
50;5;520;3.57
55;5;520;4.1
60;5;520;4.32
65;5;520;3.35
70;5;520;3.7
75;5;520;4.13
80;5;520;4.49
85;5;520;3.46
90;5;520;3.77
95;5;520;4.15
100;5;520;4.55
105;5;520;4.42
110;5;520;3.75
115;5;520;4.05
120;5;520;4.47
125;5;520;4.56
130;5;520;4.42
135;5;520;3.97
140;5;520;4.29
145;5;520;4.6
150;5;520;4.57
155;5;520;4.43
160;5;520;4.14
165;5;520;4.53
170;5;520;4.6
175;5;520;4.58
180;5;520;4.45
185;5;520;4.33
190;5;520;4.62
195;5;520;4.61
200;5;520;4.59
205;5;520;4.44
210;5;520;4.57
215;5;520;4.62
220;5;520;4.62
225;5;520;4.61
230;5;520;4.49
235;5;520;4.63
240;5;520;4.63
245;5;520;4.63
250;5;520;4.62
255;5;520;4.62
5;7.5;520;1.73
10;7.5;520;2.45
15;7.5;520;2.63
20;7.5;520;3.47
25;7.5;520;2.69
30;7.5;520;3.15
35;7.5;520;3.64
40;7.5;520;4.3
45;7.5;520;3.28
50;7.5;520;3.66
55;7.5;520;4.07
60;7.5;520;4.48
65;7.5;520;3.58
70;7.5;520;3.89
75;7.5;520;4.26
80;7.5;520;4.53
85;7.5;520;3.75
90;7.5;520;4.04
95;7.5;520;4.41
100;7.5;520;4.56
105;7.5;520;3.86
110;7.5;520;4.11
115;7.5;520;4.42
120;7.5;520;4.61
125;7.5;520;4.5
130;7.5;520;4.12
135;7.5;520;4.38
140;7.5;520;4.63
145;7.5;520;4.6
150;7.5;520;4.11
155;7.5;520;4.36
160;7.5;520;4.65
165;7.5;520;4.63
170;7.5;520;4.57
175;7.5;520;4.34
180;7.5;520;4.66
185;7.5;520;4.65
190;7.5;520;4.63
195;7.5;520;4.32
200;7.5;520;4.64
205;7.5;520;4.66
210;7.5;520;4.65
215;7.5;520;4.61
220;7.5;520;4.58
225;7.5;520;4.67
230;7.5;520;4.67
235;7.5;520;4.66
240;7.5;520;4.54
245;7.5;520;4.67
250;7.5;520;4.67
255;7.5;520;4.67
5;7.5;520;2.2
10;7.5;520;2.88
15;7.5;520;3.5
20;7.5;520;2.56
25;7.5;520;3.07
30;7.5;520;3.61
35;7.5;520;4.34
40;7.5;520;3.2
45;7.5;520;3.57
50;7.5;520;3.99
55;7.5;520;4.48
60;7.5;520;3.5
65;7.5;520;3.82
70;7.5;520;4.19
75;7.5;520;4.53
80;7.5;520;3.7
85;7.5;520;3.98
90;7.5;520;4.34
95;7.5;520;4.57
100;7.5;520;3.82
105;7.5;520;4.08
110;7.5;520;4.39
115;7.5;520;4.6
120;7.5;520;4.49
125;7.5;520;4.09
130;7.5;520;4.36
135;7.5;520;4.63
140;7.5;520;4.59
145;7.5;520;4.09
150;7.5;520;4.35
155;7.5;520;4.65
160;7.5;520;4.63
165;7.5;520;4.55
170;7.5;520;4.33
175;7.5;520;4.66
180;7.5;520;4.65
185;7.5;520;4.62
190;7.5;520;4.31
195;7.5;520;4.62
200;7.5;520;4.66
205;7.5;520;4.65
210;7.5;520;4.61
215;7.5;520;4.56
220;7.5;520;4.67
225;7.5;520;4.66
230;7.5;520;4.65
235;7.5;520;4.52
240;7.5;520;4.67
245;7.5;520;4.67
250;7.5;520;4.67
255;7.5;520;4.67
5;7.5;520;2.09
10;7.5;520;2.45
15;7.5;520;2.51
20;7.5;520;2.64
25;7.5;520;3.16
30;7.5;520;3.68
35;7.5;520;4.37
40;7.5;520;3.2
45;7.5;520;3.54
50;7.5;520;3.91
55;7.5;520;4.42
60;7.5;520;3.42
65;7.5;520;3.7
70;7.5;520;4.02
75;7.5;520;4.42
80;7.5;520;4.47
85;7.5;520;3.79
90;7.5;520;4.06
95;7.5;520;4.41
100;7.5;520;4.57
105;7.5;520;4.18
110;7.5;520;4.04
115;7.5;520;4.31
120;7.5;520;4.62
125;7.5;520;4.58
130;7.5;520;4.29
135;7.5;520;4.19
140;7.5;520;4.46
145;7.5;520;4.64
150;7.5;520;4.6
155;7.5;520;4.37
160;7.5;520;4.33
165;7.5;520;4.65
170;7.5;520;4.64
175;7.5;520;4.62
180;7.5;520;4.42
185;7.5;520;4.46
190;7.5;520;4.66
195;7.5;520;4.65
200;7.5;520;4.63
205;7.5;520;4.51
210;7.5;520;4.62
215;7.5;520;4.67
220;7.5;520;4.66
225;7.5;520;4.65
230;7.5;520;4.56
235;7.5;520;4.67
240;7.5;520;4.67
245;7.5;520;4.67
250;7.5;520;4.67
255;7.5;520;4.66
5;7.5;520;2.2
10;7.5;520;2.66
15;7.5;520;2.83
20;7.5;520;2.79
25;7.5;520;3.35
30;7.5;520;3.97
35;7.5;520;3
40;7.5;520;3.34
45;7.5;520;3.71
50;7.5;520;4.13
55;7.5;520;4.39
60;7.5;520;3.54
65;7.5;520;3.85
70;7.5;520;4.19
75;7.5;520;4.55
80;7.5;520;3.65
85;7.5;520;3.91
90;7.5;520;4.21
95;7.5;520;4.6
100;7.5;520;4.48
105;7.5;520;3.93
110;7.5;520;4.17
115;7.5;520;4.47
120;7.5;520;4.61
125;7.5;520;4.52
130;7.5;520;4.08
135;7.5;520;4.32
140;7.5;520;4.64
145;7.5;520;4.62
150;7.5;520;4.55
155;7.5;520;4.21
160;7.5;520;4.47
165;7.5;520;4.65
170;7.5;520;4.63
175;7.5;520;4.57
180;7.5;520;4.33
185;7.5;520;4.64
190;7.5;520;4.65
195;7.5;520;4.64
200;7.5;520;4.6
205;7.5;520;4.45
210;7.5;520;4.66
215;7.5;520;4.66
220;7.5;520;4.66
225;7.5;520;4.63
230;7.5;520;4.6
235;7.5;520;4.67
240;7.5;520;4.67
245;7.5;520;4.67
250;7.5;520;4.66
255;7.5;520;4.68
5;7.5;520;1.55
10;7.5;520;2.16
15;7.5;520;2.31
20;7.5;520;2.92
25;7.5;520;3.51
30;7.5;520;4.29
35;7.5;520;3.09
40;7.5;520;3.45
45;7.5;520;3.84
50;7.5;520;4.35
55;7.5;520;3.36
60;7.5;520;3.65
65;7.5;520;3.96
70;7.5;520;4.36
75;7.5;520;4.46
80;7.5;520;3.74
85;7.5;520;4.02
90;7.5;520;4.36
95;7.5;520;4.57
100;7.5;520;3.8
105;7.5;520;4.03
110;7.5;520;4.3
115;7.5;520;4.62
120;7.5;520;4.58
125;7.5;520;4.01
130;7.5;520;4.18
135;7.5;520;4.46
140;7.5;520;4.63
145;7.5;520;4.6
150;7.5;520;4.18
155;7.5;520;4.32
160;7.5;520;4.65
165;7.5;520;4.64
170;7.5;520;4.61
175;7.5;520;4.25
180;7.5;520;4.46
185;7.5;520;4.66
190;7.5;520;4.65
195;7.5;520;4.63
200;7.5;520;4.41
205;7.5;520;4.61
210;7.5;520;4.66
215;7.5;520;4.66
220;7.5;520;4.65
225;7.5;520;4.5
230;7.5;520;4.67
235;7.5;520;4.67
240;7.5;520;4.67
245;7.5;520;4.66
250;7.5;520;4.63
255;7.5;520;4.68
5;10;520;1.23
10;10;520;1.87
15;10;520;2.08
20;10;520;3.01
25;10;520;2.17
30;10;520;2.66
35;10;520;3.24
40;10;520;4.13
45;10;520;2.84
50;10;520;3.27
55;10;520;3.8
60;10;520;4.26
65;10;520;3.19
70;10;520;3.57
75;10;520;4.07
80;10;520;4.33
85;10;520;3.42
90;10;520;3.79
95;10;520;4.31
100;10;520;4.37
105;10;520;3.56
110;10;520;3.89
115;10;520;4.34
120;10;520;4.45
125;10;520;4.08
130;10;520;3.92
135;10;520;4.32
140;10;520;4.5
145;10;520;4.41
150;10;520;3.92
155;10;520;4.3
160;10;520;4.52
165;10;520;4.49
170;10;520;4.13
175;10;520;4.26
180;10;520;4.54
185;10;520;4.52
190;10;520;4.46
195;10;520;4.24
200;10;520;4.55
205;10;520;4.54
210;10;520;4.52
215;10;520;4.21
220;10;520;4.56
225;10;520;4.55
230;10;520;4.55
235;10;520;4.52
240;10;520;4.56
245;10;520;4.56
250;10;520;4.56
255;10;520;4.56
5;10;520;1.6
10;10;520;1.88
15;10;520;1.99
20;10;520;2.16
25;10;520;2.75
30;10;520;3.5
35;10;520;2.49
40;10;520;2.9
45;10;520;3.38
50;10;520;4.04
55;10;520;2.92
60;10;520;3.27
65;10;520;3.71
70;10;520;4.4
75;10;520;3.29
80;10;520;3.52
85;10;520;3.94
90;10;520;4.43
95;10;520;3.86
100;10;520;3.71
105;10;520;4.09
110;10;520;4.47
115;10;520;4.32
120;10;520;3.75
125;10;520;4.1
130;10;520;4.5
135;10;520;4.44
140;10;520;3.77
145;10;520;4.09
150;10;520;4.52
155;10;520;4.5
160;10;520;4.37
165;10;520;4.09
170;10;520;4.54
175;10;520;4.52
180;10;520;4.48
185;10;520;4.09
190;10;520;4.53
195;10;520;4.54
200;10;520;4.52
205;10;520;4.42
210;10;520;4.47
215;10;520;4.55
220;10;520;4.55
225;10;520;4.52
230;10;520;4.43
235;10;520;4.56
240;10;520;4.56
245;10;520;4.56
250;10;520;4.53
255;10;520;4.57
5;10;520;1.14
10;10;520;1.55
15;10;520;1.85
20;10;520;2.52
25;10;520;3.28
30;10;520;2.68
35;10;520;2.71
40;10;520;3.15
45;10;520;3.68
50;10;520;4.2
55;10;520;3.04
60;10;520;3.39
65;10;520;3.84
70;10;520;4.37
75;10;520;3.21
80;10;520;3.52
85;10;520;3.9
90;10;520;4.45
95;10;520;4.26
100;10;520;3.59
105;10;520;3.91
110;10;520;4.35
115;10;520;4.45
120;10;520;4.15
125;10;520;3.83
130;10;520;4.16
135;10;520;4.51
140;10;520;4.46
145;10;520;4.17
150;10;520;4.02
155;10;520;4.41
160;10;520;4.52
165;10;520;4.48
170;10;520;4.13
175;10;520;4.22
180;10;520;4.54
185;10;520;4.53
190;10;520;4.5
195;10;520;4.12
200;10;520;4.45
205;10;520;4.55
210;10;520;4.54
215;10;520;4.52
220;10;520;4.26
225;10;520;4.56
230;10;520;4.56
235;10;520;4.55
240;10;520;4.54
245;10;520;4.48
250;10;520;4.57
255;10;520;4.57
5;10;520;1.33
10;10;520;2.05
15;10;520;2.22
20;10;520;3.18
25;10;520;2.18
30;10;520;2.61
35;10;520;3.09
40;10;520;3.7
45;10;520;3.95
50;10;520;3
55;10;520;3.39
60;10;520;3.88
65;10;520;4.31
70;10;520;3.2
75;10;520;3.54
80;10;520;3.95
85;10;520;4.42
90;10;520;3.91
95;10;520;3.63
100;10;520;4
105;10;520;4.47
110;10;520;4.39
115;10;520;3.61
120;10;520;3.89
125;10;520;4.26
130;10;520;4.49
135;10;520;4.41
140;10;520;3.8
145;10;520;4.11
150;10;520;4.52
155;10;520;4.5
160;10;520;4.43
165;10;520;3.98
170;10;520;4.32
175;10;520;4.54
180;10;520;4.52
185;10;520;4.46
190;10;520;4.15
195;10;520;4.55
200;10;520;4.54
205;10;520;4.53
210;10;520;4.48
215;10;520;4.36
220;10;520;4.56
225;10;520;4.55
230;10;520;4.55
235;10;520;4.52
240;10;520;4.56
245;10;520;4.57
250;10;520;4.56
255;10;520;4.57
5;10;520;1.66
10;10;520;2.35
15;10;520;2.99
20;10;520;2.99
25;10;520;2.49
30;10;520;3.04
35;10;520;3.75
40;10;520;2.62
45;10;520;2.99
50;10;520;3.41
55;10;520;3.94
60;10;520;4.16
65;10;520;3.21
70;10;520;3.56
75;10;520;4
80;10;520;4.37
85;10;520;3.34
90;10;520;3.66
95;10;520;4.05
100;10;520;4.45
105;10;520;4.28
110;10;520;3.65
115;10;520;3.96
120;10;520;4.39
125;10;520;4.46
130;10;520;4.29
135;10;520;3.87
140;10;520;4.2
145;10;520;4.51
150;10;520;4.48
155;10;520;4.31
160;10;520;4.06
165;10;520;4.46
170;10;520;4.52
175;10;520;4.49
180;10;520;4.32
185;10;520;4.25
190;10;520;4.55
195;10;520;4.53
200;10;520;4.51
205;10;520;4.33
210;10;520;4.5
215;10;520;4.55
220;10;520;4.55
225;10;520;4.53
230;10;520;4.38
235;10;520;4.56
240;10;520;4.56
245;10;520;4.56
250;10;520;4.56
255;10;520;4.57
5;12.5;520;1.15
10;12.5;520;1.75
15;12.5;520;1.98
20;12.5;520;2.87
25;12.5;520;2.05
30;12.5;520;2.56
35;12.5;520;3.14
40;12.5;520;3.92
45;12.5;520;2.75
50;12.5;520;3.1
55;12.5;520;3.64
60;12.5;520;4.17
65;12.5;520;3.08
70;12.5;520;3.42
75;12.5;520;3.92
80;12.5;520;4.31
85;12.5;520;3.31
90;12.5;520;3.64
95;12.5;520;4.12
100;12.5;520;4.35
105;12.5;520;3.44
110;12.5;520;3.73
115;12.5;520;4.15
120;12.5;520;4.43
125;12.5;520;4.28
130;12.5;520;3.77
135;12.5;520;4.12
140;12.5;520;4.44
145;12.5;520;4.39
150;12.5;520;3.77
155;12.5;520;4.08
160;12.5;520;4.49
165;12.5;520;4.46
170;12.5;520;4.37
175;12.5;520;4.08
180;12.5;520;4.51
185;12.5;520;4.49
190;12.5;520;4.46
195;12.5;520;4.08
200;12.5;520;4.46
205;12.5;520;4.52
210;12.5;520;4.5
215;12.5;520;4.46
220;12.5;520;4.4
225;12.5;520;4.53
230;12.5;520;4.53
235;12.5;520;4.52
240;12.5;520;4.38
245;12.5;520;4.54
250;12.5;520;4.54
255;12.5;520;4.54
5;12.5;520;1.56
10;12.5;520;2.44
15;12.5;520;2.89
20;12.5;520;1.89
25;12.5;520;2.49
30;12.5;520;3.08
35;12.5;520;3.98
40;12.5;520;2.67
45;12.5;520;3.06
50;12.5;520;3.57
55;12.5;520;4.23
60;12.5;520;3.02
65;12.5;520;3.39
70;12.5;520;3.86
75;12.5;520;4.31
80;12.5;520;3.27
85;12.5;520;3.6
90;12.5;520;4.07
95;12.5;520;4.33
100;12.5;520;3.43
105;12.5;520;3.74
110;12.5;520;4.14
115;12.5;520;4.42
120;12.5;520;4.26
125;12.5;520;3.76
130;12.5;520;4.1
135;12.5;520;4.44
140;12.5;520;4.4
145;12.5;520;3.78
150;12.5;520;4.09
155;12.5;520;4.48
160;12.5;520;4.44
165;12.5;520;4.33
170;12.5;520;4.09
175;12.5;520;4.51
180;12.5;520;4.49
185;12.5;520;4.45
190;12.5;520;4.06
195;12.5;520;4.5
200;12.5;520;4.51
205;12.5;520;4.49
210;12.5;520;4.42
215;12.5;520;4.4
220;12.5;520;4.5
225;12.5;520;4.51
230;12.5;520;4.5
235;12.5;520;4.35
240;12.5;520;4.53
245;12.5;520;4.53
250;12.5;520;4.53
255;12.5;520;4.53
5;12.5;520;1.54
10;12.5;520;1.83
15;12.5;520;1.91
20;12.5;520;2.06
25;12.5;520;2.6
30;12.5;520;3.22
35;12.5;520;3.99
40;12.5;520;2.66
45;12.5;520;3.06
50;12.5;520;3.53
55;12.5;520;4.23
60;12.5;520;2.95
65;12.5;520;3.25
70;12.5;520;3.64
75;12.5;520;4.2
80;12.5;520;4.15
85;12.5;520;3.38
90;12.5;520;3.73
95;12.5;520;4.16
100;12.5;520;4.37
105;12.5;520;3.73
110;12.5;520;3.7
115;12.5;520;4.03
120;12.5;520;4.46
125;12.5;520;4.4
130;12.5;520;3.9
135;12.5;520;3.9
140;12.5;520;4.26
145;12.5;520;4.48
150;12.5;520;4.32
155;12.5;520;4.07
160;12.5;520;3.99
165;12.5;520;4.5
170;12.5;520;4.49
175;12.5;520;4.41
180;12.5;520;4.04
185;12.5;520;4.27
190;12.5;520;4.51
195;12.5;520;4.5
200;12.5;520;4.48
205;12.5;520;4.27
210;12.5;520;4.49
215;12.5;520;4.52
220;12.5;520;4.51
225;12.5;520;4.49
230;12.5;520;4.35
235;12.5;520;4.52
240;12.5;520;4.53
245;12.5;520;4.53
250;12.5;520;4.53
255;12.5;520;4.51
5;12.5;520;1.63
10;12.5;520;2.15
15;12.5;520;2.29
20;12.5;520;2.18
25;12.5;520;2.77
30;12.5;520;3.51
35;12.5;520;2.44
40;12.5;520;2.81
45;12.5;520;3.22
50;12.5;520;3.75
55;12.5;520;4.09
60;12.5;520;3.06
65;12.5;520;3.42
70;12.5;520;3.86
75;12.5;520;4.32
80;12.5;520;3.22
85;12.5;520;3.51
90;12.5;520;3.87
95;12.5;520;4.42
100;12.5;520;4.26
105;12.5;520;3.53
110;12.5;520;3.84
115;12.5;520;4.21
120;12.5;520;4.42
125;12.5;520;4.31
130;12.5;520;3.73
135;12.5;520;4.03
140;12.5;520;4.48
145;12.5;520;4.45
150;12.5;520;4.35
155;12.5;520;3.91
160;12.5;520;4.25
165;12.5;520;4.5
170;12.5;520;4.48
175;12.5;520;4.4
180;12.5;520;4.08
185;12.5;520;4.48
190;12.5;520;4.51
195;12.5;520;4.49
200;12.5;520;4.43
205;12.5;520;4.24
210;12.5;520;4.51
215;12.5;520;4.48
220;12.5;520;4.51
225;12.5;520;4.47
230;12.5;520;4.43
235;12.5;520;4.53
240;12.5;520;4.53
245;12.5;520;4.52
250;12.5;520;4.52
255;12.5;520;4.54
5;12.5;520;1.04
10;12.5;520;1.7
15;12.5;520;2.2
20;12.5;520;2.32
25;12.5;520;2.97
30;12.5;520;3.99
35;12.5;520;2.55
40;12.5;520;2.95
45;12.5;520;3.43
50;12.5;520;4.11
55;12.5;520;2.87
60;12.5;520;3.21
65;12.5;520;3.59
70;12.5;520;4.12
75;12.5;520;4.2
80;12.5;520;3.33
85;12.5;520;3.66
90;12.5;520;4.1
95;12.5;520;4.37
100;12.5;520;3.4
105;12.5;520;3.68
110;12.5;520;4.01
115;12.5;520;4.44
120;12.5;520;4.37
125;12.5;520;3.6
130;12.5;520;3.87
135;12.5;520;4.24
140;12.5;520;4.46
145;12.5;520;4.41
150;12.5;520;3.88
155;12.5;520;4.06
160;12.5;520;4.5
165;12.5;520;4.48
170;12.5;520;4.44
175;12.5;520;3.96
180;12.5;520;4.25
185;12.5;520;4.51
190;12.5;520;4.49
195;12.5;520;4.46
200;12.5;520;4.18
205;12.5;520;4.43
210;12.5;520;4.52
215;12.5;520;4.49
220;12.5;520;4.49
225;12.5;520;4.29
230;12.5;520;4.53
235;12.5;520;4.53
240;12.5;520;4.53
245;12.5;520;4.52
250;12.5;520;4.46
255;12.5;520;4.54
5;15;520;1.42
10;15;520;1.76
15;15;520;1.98
20;15;520;2.91
25;15;520;2.09
30;15;520;2.58
35;15;520;3.15
40;15;520;4.06
45;15;520;2.77
50;15;520;3.2
55;15;520;3.73
60;15;520;4.18
65;15;520;3.13
70;15;520;3.51
75;15;520;4.02
80;15;520;4.25
85;15;520;3.36
90;15;520;3.73
95;15;520;4.27
100;15;520;4.31
105;15;520;3.5
110;15;520;3.84
115;15;520;4.31
120;15;520;4.41
125;15;520;4.04
130;15;520;3.87
135;15;520;4.28
140;15;520;4.45
145;15;520;4.35
150;15;520;3.89
155;15;520;4.26
160;15;520;4.48
165;15;520;4.44
170;15;520;3.97
175;15;520;4.24
180;15;520;4.5
185;15;520;4.48
190;15;520;4.4
195;15;520;4.24
200;15;520;4.52
205;15;520;4.5
210;15;520;4.48
215;15;520;4.21
220;15;520;4.53
225;15;520;4.52
230;15;520;4.51
235;15;520;4.47
240;15;520;4.53
245;15;520;4.53
250;15;520;4.53
255;15;520;4.53
5;15;520;1.52
10;15;520;1.8
15;15;520;2.11
20;15;520;2.09
25;15;520;2.69
30;15;520;3.47
35;15;520;2.43
40;15;520;2.84
45;15;520;3.33
50;15;520;4.03
55;15;520;2.86
60;15;520;3.23
65;15;520;3.68
70;15;520;4.34
75;15;520;3.13
80;15;520;3.48
85;15;520;3.91
90;15;520;4.37
95;15;520;3.34
100;15;520;3.68
105;15;520;4.09
110;15;520;4.41
115;15;520;4.22
120;15;520;3.72
125;15;520;4.09
130;15;520;4.45
135;15;520;4.37
140;15;520;3.75
145;15;520;4.09
150;15;520;4.48
155;15;520;4.44
160;15;520;4.25
165;15;520;4.09
170;15;520;4.5
175;15;520;4.48
180;15;520;4.42
185;15;520;4.09
190;15;520;4.51
195;15;520;4.5
200;15;520;4.48
205;15;520;4.3
210;15;520;4.52
215;15;520;4.52
220;15;520;4.51
225;15;520;4.48
230;15;520;4.44
235;15;520;4.53
240;15;520;4.53
245;15;520;4.52
250;15;520;4.49
255;15;520;4.54
5;15;520;1.07
10;15;520;1.66
15;15;520;1.78
20;15;520;2.46
25;15;520;3.27
30;15;520;2.26
35;15;520;2.66
40;15;520;3.1
45;15;520;3.66
50;15;520;4.06
55;15;520;2.99
60;15;520;3.36
65;15;520;3.83
70;15;520;4.3
75;15;520;3.17
80;15;520;3.49
85;15;520;3.9
90;15;520;4.39
95;15;520;4.11
100;15;520;3.57
105;15;520;3.9
110;15;520;4.38
115;15;520;4.39
120;15;520;3.93
125;15;520;3.81
130;15;520;4.15
135;15;520;4.46
140;15;520;4.41
145;15;520;3.93
150;15;520;4.01
155;15;520;4.43
160;15;520;4.47
165;15;520;4.43
170;15;520;3.91
175;15;520;4.23
180;15;520;4.5
185;15;520;4.49
190;15;520;4.45
195;15;520;4.08
200;15;520;4.49
205;15;520;4.51
210;15;520;4.5
215;15;520;4.47
220;15;520;4.28
225;15;520;4.53
230;15;520;4.52
235;15;520;4.52
240;15;520;4.5
245;15;520;4.53
250;15;520;4.53
255;15;520;4.53
5;15;520;1.28
10;15;520;2.77
15;15;520;2.17
20;15;520;3.2
25;15;520;2.13
30;15;520;2.57
35;15;520;3.05
40;15;520;3.7
45;15;520;3.54
50;15;520;2.96
55;15;520;3.36
60;15;520;3.87
65;15;520;4.2
70;15;520;3.17
75;15;520;3.51
80;15;520;3.94
85;15;520;4.35
90;15;520;3.29
95;15;520;3.6
100;15;520;3.99
105;15;520;4.43
110;15;520;4.32
115;15;520;3.57
120;15;520;3.87
125;15;520;4.26
130;15;520;4.44
135;15;520;4.35
140;15;520;3.78
145;15;520;4.1
150;15;520;4.48
155;15;520;4.45
160;15;520;4.36
165;15;520;3.98
170;15;520;4.34
175;15;520;4.49
180;15;520;4.47
185;15;520;4.38
190;15;520;4.16
195;15;520;4.51
200;15;520;4.51
205;15;520;4.49
210;15;520;4.41
215;15;520;4.4
220;15;520;4.52
225;15;520;4.52
230;15;520;4.51
235;15;520;4.46
240;15;520;4.53
245;15;520;4.53
250;15;520;4.53
255;15;520;4.53
5;15;520;1.61
10;15;520;2.55
15;15;520;3.01
20;15;520;1.94
25;15;520;2.44
30;15;520;3.01
35;15;520;3.79
40;15;520;2.57
45;15;520;2.95
50;15;520;3.38
55;15;520;3.95
60;15;520;3.95
65;15;520;3.18
70;15;520;3.54
75;15;520;4.03
80;15;520;4.28
85;15;520;3.31
90;15;520;3.64
95;15;520;4.06
100;15;520;4.39
105;15;520;4.13
110;15;520;3.64
115;15;520;3.96
120;15;520;4.46
125;15;520;4.41
130;15;520;4.12
135;15;520;3.86
140;15;520;4.21
145;15;520;4.47
150;15;520;4.42
155;15;520;4.15
160;15;520;4.05
165;15;520;4.5
170;15;520;4.48
175;15;520;4.44
180;15;520;4.08
185;15;520;4.29
190;15;520;4.51
195;15;520;4.49
200;15;520;4.46
205;15;520;4.13
210;15;520;4.52
215;15;520;4.52
220;15;520;4.51
225;15;520;4.49
230;15;520;4.31
235;15;520;4.53
240;15;520;4.53
245;15;520;4.53
250;15;520;4.52
255;15;520;4.54
